"","p_val","avg_log2FC","pct.1","pct.2","p_val_adj","diff.pct","gene"
"Hsp26",0,1.27565429178061,0.946,0.718,0,0.228,"Hsp26"
"RpS14a",0,1.11106598177266,0.997,0.884,0,0.113,"RpS14a"
"RpS14b",0,1.1380658129662,0.95,0.703,0,0.247,"RpS14b"
"E(spl)mbeta-HLH",4.90146634141048e-278,1.30993401059685,0.915,0.694,5.47346746345309e-274,0.221,"E(spl)mbeta-HLH"
"CG33129",1.05188047907632e-223,-0.748322869003521,0.788,0.962,1.17463493098452e-219,-0.174,"CG33129"
"mt:Cyt-b",1.06080002018342e-222,0.807508141175862,0.96,0.808,1.18459538253883e-218,0.152,"mt:Cyt-b"
"CHOp24",1.13868396455084e-212,-0.731799726475888,0.785,0.953,1.27156838321392e-208,-0.168,"CHOp24"
"Prosbeta4",1.96401950565807e-210,-0.636765987238274,0.849,0.977,2.19322058196836e-206,-0.128,"Prosbeta4"
"Reg-5",3.9131710234997e-208,-0.874764736243888,0.742,0.923,4.36983808194212e-204,-0.181,"Reg-5"
"Mlc-c",1.02459847102839e-203,-0.65000284718957,0.84,0.971,1.1441691125974e-199,-0.131,"Mlc-c"
"Hsp68",2.87545266256428e-194,6.15847251378213,0.403,0.01,3.21101798828553e-190,0.393,"Hsp68"
"ReepB",2.06120663184434e-193,-0.648824108950658,0.827,0.964,2.30174944578057e-189,-0.137,"ReepB"
"Cyt-b5",8.04449807070906e-188,-0.709204861431251,0.755,0.952,8.98329099556081e-184,-0.197,"Cyt-b5"
"miple2",1.57229182740851e-187,-0.860207044672584,0.658,0.902,1.75577828366708e-183,-0.244,"miple2"
"Su(var)205",6.13251684712644e-186,-0.797508005602522,0.688,0.916,6.84818156318609e-182,-0.228,"Su(var)205"
"Rho1",1.55793138304568e-184,-0.592783526951811,0.87,0.973,1.73974197544711e-180,-0.103,"Rho1"
"loj",6.90801439441147e-184,-1.071615830008,0.51,0.808,7.71417967423928e-180,-0.298,"loj"
"RNASEK",7.63198216162332e-180,-0.589784087797287,0.867,0.969,8.52263447988476e-176,-0.102,"RNASEK"
"ed",1.90752965762216e-178,-0.609219470704508,0.861,0.984,2.13013836866667e-174,-0.123,"ed"
"DnaJ-1",5.22582516521357e-173,2.90159367275686,0.473,0.087,5.83567896199399e-169,0.386,"DnaJ-1"
"Pomp",1.67475715018161e-163,-0.541162614576243,0.868,0.969,1.8702013096078e-159,-0.101,"Pomp"
"Ubi-p5E",4.62676559158577e-163,0.893755365413083,0.86,0.678,5.16670913612383e-159,0.182,"Ubi-p5E"
"Chchd2",1.35890833696137e-162,0.933303286902647,0.827,0.577,1.51749293988476e-158,0.25,"Chchd2"
"pasi1",4.01338940223681e-161,-1.44686307114484,0.305,0.653,4.48175194547784e-157,-0.348,"pasi1"
"Syb",5.68511091623317e-160,-0.581214828647034,0.83,0.96,6.34856336015759e-156,-0.13,"Syb"
"Ubi-p63E",1.32937688152532e-157,1.08246863714645,0.785,0.519,1.48451516359932e-153,0.266,"Ubi-p63E"
"SkpA",1.53572614454446e-157,-0.573063071218167,0.831,0.966,1.7149453856128e-153,-0.135,"SkpA"
"Rab1",5.79754151304038e-156,-0.597785417156943,0.806,0.96,6.4741146076122e-152,-0.154,"Rab1"
"aop",7.58125259941512e-156,-0.638119649088259,0.854,0.96,8.46598477776686e-152,-0.106,"aop"
"Sec13",7.91793669217979e-156,-0.82058053976039,0.617,0.863,8.84195990415718e-152,-0.246,"Sec13"
"CG30154",3.09162279399703e-155,-2.14598560360531,0.156,0.486,3.45241517405649e-151,-0.33,"CG30154"
"SrpRbeta",9.88277370950917e-154,-1.14975007275143,0.412,0.73,1.10360934014089e-149,-0.318,"SrpRbeta"
"Hsp70Bc",3.64992497328141e-151,6.05708286665629,0.327,0.007,4.07587121766335e-147,0.32,"Hsp70Bc"
"GstS1",7.64384955627181e-151,-0.761541151299743,0.671,0.877,8.53588679948873e-147,-0.206,"GstS1"
"HmgD",4.28993799707398e-149,-0.576223509025714,0.855,0.98,4.79057376133252e-145,-0.125,"HmgD"
"Roc1a",7.58039685750577e-145,-0.586340685122613,0.796,0.951,8.4650291707767e-141,-0.155,"Roc1a"
"exp",1.72256109313966e-144,-0.692999995016331,0.696,0.886,1.92358397270906e-140,-0.19,"exp"
"Eb1",1.26643585852689e-141,-0.720495813825238,0.673,0.907,1.41422892321698e-137,-0.234,"Eb1"
"CG11790",1.76917007586697e-140,-0.774586379300713,0.639,0.862,1.97563222372065e-136,-0.223,"CG11790"
"Ostgamma",5.74292740841843e-138,-0.626642017028003,0.764,0.917,6.41312703698086e-134,-0.153,"Ostgamma"
"CCT3",9.19614198422708e-137,0.829111818857381,0.829,0.605,1.02693317537864e-132,0.224,"CCT3"
"PRL-1",1.76653203962356e-134,-1.94066134703596,0.125,0.436,1.97268632864763e-130,-0.311,"PRL-1"
"Idh",2.07472023319134e-134,-0.71602385081056,0.68,0.881,2.31684008440477e-130,-0.201,"Idh"
"CG44325",9.08161909601569e-132,-0.592087212811765,0.832,0.954,1.01414440445207e-127,-0.122,"CG44325"
"Arp3",7.7050181598406e-131,-1.46883513842403,0.227,0.56,8.604193779094e-127,-0.333,"Arp3"
"Pfdn5",1.63974494281451e-128,-0.640964605458205,0.709,0.908,1.83110317764096e-124,-0.199,"Pfdn5"
"lft",3.39246631990165e-124,-0.744733049267911,0.617,0.838,3.78836713943417e-120,-0.221,"lft"
"eIF5B",5.69781312056919e-124,-0.694487740283378,0.657,0.88,6.36274791173961e-120,-0.223,"eIF5B"
"Rheb",9.38062870155973e-123,-1.53373412421025,0.192,0.509,1.04753480710318e-118,-0.317,"Rheb"
"CG15012",1.82295150619189e-121,-0.905975973837051,0.493,0.763,2.03568994696448e-117,-0.27,"CG15012"
"boca",5.04346907757843e-121,-0.826516111367175,0.552,0.794,5.63204191893183e-117,-0.242,"boca"
"Pfdn2",6.13193175466153e-121,-0.57401859017703,0.758,0.929,6.84752819043053e-117,-0.171,"Pfdn2"
"Zip102B",7.08372676655847e-121,-1.28360828372668,0.28,0.599,7.91039768021585e-117,-0.319,"Zip102B"
"CG17271",3.59766320753133e-120,-0.541185984624098,0.795,0.925,4.01751050385024e-116,-0.13,"CG17271"
"CG34296",1.76533992595774e-118,2.03732998288379,0.427,0.1,1.97135509531701e-114,0.327,"CG34296"
"Gprk1",1.8916265434611e-118,-1.29619842287874,0.284,0.59,2.11237936108302e-114,-0.306,"Gprk1"
"Sh3beta",3.22323955920875e-118,-0.534997588900006,0.811,0.942,3.59939161576841e-114,-0.131,"Sh3beta"
"Prosalpha4",8.20742242898794e-117,-0.557620594747596,0.77,0.916,9.16522862645083e-113,-0.146,"Prosalpha4"
"CG12009",9.18645741785345e-116,-0.698447131371197,0.723,0.898,1.0258516998517e-111,-0.175,"CG12009"
"Spase12",2.31504690140297e-115,-0.592319051815937,0.726,0.894,2.5852128747967e-111,-0.168,"Spase12"
"CG1890",9.52600545598701e-114,-0.640105770066628,0.69,0.869,1.06376902927007e-109,-0.179,"CG1890"
"Dg",1.59037950252173e-112,-1.30624294309164,0.299,0.587,1.77597679046601e-108,-0.288,"Dg"
"CG32365",7.73199841994853e-112,-1.1645494355949,0.336,0.629,8.63432263555652e-108,-0.293,"CG32365"
"Lamp1",2.86389942278606e-111,-0.858726388795822,0.51,0.769,3.19811648542519e-107,-0.259,"Lamp1"
"PMCA",2.08902339977177e-110,-1.05680555526046,0.362,0.666,2.33281243052513e-106,-0.304,"PMCA"
"Cht10",1.47509417828021e-108,-0.569222068433296,0.756,0.931,1.64723766888551e-104,-0.175,"Cht10"
"fwe",2.50246019334088e-108,-1.38695367122346,0.223,0.52,2.79449729790376e-104,-0.297,"fwe"
"Srp9",2.54537139074241e-108,-0.871342284777405,0.482,0.741,2.84241623204205e-104,-0.259,"Srp9"
"mt:ND6",4.84031881545842e-108,2.69792327052896,0.341,0.062,5.40518402122242e-104,0.279,"mt:ND6"
"eIF3j",1.0156455994986e-107,-1.12384966729914,0.316,0.624,1.13417144096009e-103,-0.308,"eIF3j"
"Uev1A",1.00803023683224e-106,-0.768807707482571,0.548,0.799,1.12566736547056e-102,-0.251,"Uev1A"
"Arf102F",9.24100447556883e-106,-0.83962550429908,0.494,0.755,1.03194296978677e-101,-0.261,"Arf102F"
"vvl",2.30607132022296e-105,-0.739930572550726,0.615,0.815,2.57518984329298e-101,-0.2,"vvl"
"Rpn8",3.53220837069441e-103,-0.969368755788663,0.409,0.683,3.94441708755445e-99,-0.274,"Rpn8"
"COX8",4.17334453004574e-102,0.545133523290016,0.892,0.763,4.66037383670207e-98,0.129,"COX8"
"Prosalpha7",1.27059449359808e-99,-0.583139785475906,0.707,0.878,1.41887287100098e-95,-0.171,"Prosalpha7"
"crok",6.13093762082651e-99,-0.977840408613208,0.404,0.669,6.84641804117696e-95,-0.265,"crok"
"ETH",8.35222372473077e-99,2.63754666990306,0.31,0.05,9.32692823340686e-95,0.26,"ETH"
"colt",1.85300896942763e-97,-1.09607733818533,0.321,0.599,2.06925511615983e-93,-0.278,"colt"
"Tom7",5.62459212148851e-97,-0.516111598009606,0.771,0.928,6.28098202206622e-93,-0.157,"Tom7"
"GstE11",5.8110739635502e-97,-0.855606772097814,0.48,0.72,6.48922629509651e-93,-0.24,"GstE11"
"Tim17b",6.89229450985754e-97,-0.64007210875477,0.635,0.847,7.69662527915791e-93,-0.212,"Tim17b"
"Rpt3",7.56664795327377e-97,-0.64944420750427,0.633,0.836,8.44967576942082e-93,-0.203,"Rpt3"
"Snx3",9.81145046430009e-97,-1.09703615405709,0.304,0.599,1.09564467334839e-92,-0.295,"Snx3"
"CG6398",8.28799108890201e-96,-0.847215496176206,0.469,0.717,9.25519964897688e-92,-0.248,"CG6398"
"Atf6",8.83210593800712e-96,-1.47821223311837,0.171,0.441,9.86281270097255e-92,-0.27,"Atf6"
"Arl1",2.97743396844677e-95,-1.09079009658595,0.3,0.591,3.32490051256451e-91,-0.291,"Arl1"
"TBCB",5.2759232815223e-92,-1.20330120778431,0.266,0.538,5.89162352847595e-88,-0.272,"TBCB"
"ich",5.79918864606197e-92,-0.634633391436532,0.663,0.851,6.4759539610574e-88,-0.188,"ich"
"mago",4.14369432432043e-91,-1.04573146587133,0.325,0.598,4.62726345196863e-87,-0.273,"mago"
"CG40045",5.75740643114585e-91,-0.623060566129566,0.626,0.834,6.42929576166057e-87,-0.208,"CG40045"
"bel",3.74340851038331e-90,-0.515611704229443,0.748,0.904,4.18026428354504e-86,-0.156,"bel"
"GstE12",5.04238614953975e-90,-0.840965085902393,0.468,0.707,5.63083261319104e-86,-0.239,"GstE12"
"Ras85D",1.65123622075699e-88,-0.974018057522503,0.354,0.63,1.84393548771934e-84,-0.276,"Ras85D"
"PlexA",1.72019500458396e-88,-1.25888977305081,0.233,0.499,1.92094176161891e-84,-0.266,"PlexA"
"Atox1",1.95361955588669e-87,-1.2300113326336,0.242,0.508,2.18160695805867e-83,-0.266,"Atox1"
"CG4598",1.39134698783375e-86,-1.17692498610279,0.26,0.523,1.55371718131395e-82,-0.263,"CG4598"
"CG2865",3.72788796482225e-86,1.98673510219534,0.366,0.112,4.16293249031701e-82,0.254,"CG2865"
"CG34383",4.41430257548552e-86,1.65875962048755,0.427,0.166,4.92945168604468e-82,0.261,"CG34383"
"lncRNA:roX2",5.46981780590091e-86,-1.33240422652433,0.138,0.404,6.10814554384955e-82,-0.266,"lncRNA:roX2"
"CG30159",9.03702099264284e-86,-1.37278703082616,0.178,0.436,1.00916413424843e-81,-0.258,"CG30159"
"CanB2",1.6112805695396e-85,-1.08377109400298,0.281,0.556,1.79931701200488e-81,-0.275,"CanB2"
"E(spl)m2-BFM",8.9703750888585e-85,1.91012424533115,0.422,0.171,1.00172178617283e-80,0.251,"E(spl)m2-BFM"
"CG34056",1.48257247341438e-84,-1.17924578175894,0.263,0.521,1.65558868106184e-80,-0.258,"CG34056"
"p24-1",4.91484645883203e-84,-0.83177933025685,0.45,0.691,5.48840904057773e-80,-0.241,"p24-1"
"CG9427",8.93057317371126e-84,-1.04747540776859,0.328,0.578,9.97277106308336e-80,-0.25,"CG9427"
"CG11686",1.45310542669675e-83,-0.9008644902868,0.419,0.663,1.62268282999226e-79,-0.244,"CG11686"
"Vsp37A",1.57108539524772e-83,-1.65271149861857,0.115,0.346,1.75443106087313e-79,-0.231,"Vsp37A"
"lwr",2.41443417856296e-83,-0.856650314459718,0.422,0.668,2.69619864720125e-79,-0.246,"lwr"
"ND-19",2.55817206044414e-83,-0.98450967523615,0.349,0.599,2.85671073989797e-79,-0.25,"ND-19"
"Arf51F",1.14847574492927e-82,-1.04087082149724,0.294,0.568,1.28250286436252e-78,-0.274,"Arf51F"
"mt:ND4",2.63559533506315e-82,0.840323700693463,0.705,0.49,2.94316931066502e-78,0.215,"mt:ND4"
"lncRNA:roX1",2.76863012131151e-82,-1.23977910282121,0.144,0.411,3.09172925646857e-78,-0.267,"lncRNA:roX1"
"Srp54k",3.69369498099797e-82,-1.01152169384026,0.313,0.579,4.12474918528043e-78,-0.266,"Srp54k"
"MSBP",4.08065468729523e-82,-1.05026113952069,0.314,0.569,4.55686708930258e-78,-0.255,"MSBP"
"Culd",6.37374350106112e-81,2.333978686824,0.297,0.066,7.11755936763496e-77,0.231,"Culd"
"lncRNA:alphagamma-element",8.50966480494164e-80,5.65570925173664,0.19,0.005,9.50274268767832e-76,0.185,"lncRNA:alphagamma-element"
"Syx18",1.14942419054867e-79,-1.53489770161935,0.133,0.364,1.2835619935857e-75,-0.231,"Syx18"
"Hel25E",1.17926106025918e-79,-0.671614577586152,0.572,0.773,1.31688082599142e-75,-0.201,"Hel25E"
"Fis1",1.4749686124928e-79,-0.616172032208851,0.607,0.804,1.64709744957071e-75,-0.197,"Fis1"
"CG11781",1.73075807044331e-79,-1.10254432163444,0.264,0.525,1.93273753726404e-75,-0.261,"CG11781"
"SelT",2.3391789488193e-79,-0.621593196479727,0.615,0.796,2.61216113214651e-75,-0.181,"SelT"
"mt:ND3",7.51962703802467e-79,1.20748869210173,0.528,0.276,8.39716751336215e-75,0.252,"mt:ND3"
"Ets21C",1.0211293277748e-78,3.81298301623993,0.213,0.018,1.14029512032612e-74,0.195,"Ets21C"
"CG9662",1.11703962599134e-78,-1.09013901984161,0.28,0.533,1.24739815034453e-74,-0.253,"CG9662"
"Ccdc58",5.97615838354488e-78,-1.28388161661823,0.196,0.442,6.67357606690457e-74,-0.246,"Ccdc58"
"HmgZ",6.0978950414841e-78,-0.516081880201419,0.765,0.906,6.8095193928253e-74,-0.141,"HmgZ"
"CG7668",8.59294560894225e-78,-1.09247197700526,0.266,0.52,9.59574236150581e-74,-0.254,"CG7668"
"hid",5.14159309310992e-77,1.50182503577775,0.435,0.187,5.74161700707584e-73,0.248,"hid"
"Vps29",6.77216643377213e-77,-1.08077196916947,0.267,0.523,7.56247825659334e-73,-0.256,"Vps29"
"mRpL52",1.39484417887716e-76,-1.16677306028825,0.233,0.484,1.55762249455213e-72,-0.251,"mRpL52"
"E(spl)m3-HLH",1.69333784244996e-76,1.5877107202845,0.464,0.244,1.89095036866387e-72,0.22,"E(spl)m3-HLH"
"CG18815",1.95514361575699e-76,-1.07880969707656,0.263,0.519,2.18330887571583e-72,-0.256,"CG18815"
"jagn",6.62974038647105e-76,-1.32391242740461,0.183,0.421,7.40343108957223e-72,-0.238,"jagn"
"CG3823",8.46043679768961e-75,-1.38986358310957,0.173,0.403,9.44776977197998e-71,-0.23,"CG3823"
"bond",1.50561845833444e-74,-1.07553923712633,0.263,0.52,1.68132413242207e-70,-0.257,"bond"
"CG1307",1.66609039716522e-74,-1.09198620699447,0.266,0.51,1.8605231465144e-70,-0.244,"CG1307"
"Gadd45",1.98985922579148e-73,1.50678716501596,0.438,0.198,2.22207579744134e-69,0.24,"Gadd45"
"CG1418",9.78602637530268e-73,-1.25572467281269,0.203,0.437,1.09280556533005e-68,-0.234,"CG1418"
"ImpL2",2.19490059745851e-72,2.10212211708528,0.354,0.131,2.45104549718192e-68,0.223,"ImpL2"
"bark",6.29754392431926e-72,-1.06296297573274,0.306,0.531,7.03246730028731e-68,-0.225,"bark"
"CG9782",1.03469070723138e-71,-1.12243874016679,0.28,0.516,1.15543911276528e-67,-0.236,"CG9782"
"CG17493",1.6950142388299e-70,-1.12056448900918,0.233,0.475,1.89282240050135e-66,-0.242,"CG17493"
"AP-1sigma",1.92655246766771e-70,-0.935456279949591,0.314,0.562,2.15138114064453e-66,-0.248,"AP-1sigma"
"Fdh",1.99947605107567e-70,-0.539642143062918,0.656,0.816,2.2328149062362e-66,-0.16,"Fdh"
"Vha14-1",2.31532196684745e-70,-0.701339386886919,0.497,0.715,2.58552004037854e-66,-0.218,"Vha14-1"
"CG1532",2.53077093430376e-70,-1.12968764805453,0.222,0.466,2.82611190233701e-66,-0.244,"CG1532"
"peb",5.76168264235802e-70,-0.520045192011864,0.681,0.835,6.4340710067212e-66,-0.154,"peb"
"robl",6.90592584715693e-70,-0.515088422350521,0.681,0.845,7.71184739352015e-66,-0.164,"robl"
"Rpn5",1.15242008792902e-69,-0.579107928836591,0.61,0.801,1.28690751219033e-65,-0.191,"Rpn5"
"ATP6AP2",2.32513823082658e-69,-1.06651518642233,0.248,0.491,2.59648186236405e-65,-0.243,"ATP6AP2"
"epsilonCOP",3.36317351159375e-69,-0.769966808039152,0.444,0.665,3.75565586039674e-65,-0.221,"epsilonCOP"
"Scsalpha1",5.45156784268598e-68,-0.550731868774378,0.631,0.802,6.08776580992744e-64,-0.171,"Scsalpha1"
"CG42268",9.43916292057743e-68,2.31389162393563,0.266,0.064,1.05407132334088e-63,0.202,"CG42268"
"Rpt4",1.33530890722063e-67,-0.741263219846709,0.458,0.674,1.49113945669327e-63,-0.216,"Rpt4"
"CG9231",2.41026438519986e-67,-1.07168848378604,0.246,0.483,2.69154223895268e-63,-0.237,"CG9231"
"mRpL21",8.48555636809761e-67,-1.57280077663487,0.102,0.298,9.4758207962546e-63,-0.196,"mRpL21"
"CG13676",4.51974191650586e-66,-0.748130664040273,0.469,0.679,5.04719579816209e-62,-0.21,"CG13676"
"cold",2.23004677635491e-65,-0.806953833799938,0.404,0.625,2.49029323515553e-61,-0.221,"cold"
"Pka-C1",2.34411375944425e-65,-0.702278173898119,0.495,0.705,2.6176718351714e-61,-0.21,"Pka-C1"
"Atg8a",4.97544127662103e-65,-0.52598603129135,0.645,0.816,5.55607527360271e-61,-0.171,"Atg8a"
"ImpL1",1.37671742409447e-64,-2.6150271361314,0.033,0.174,1.53738034748629e-60,-0.141,"ImpL1"
"CG5181",1.71693830458723e-64,-1.51605587442906,0.108,0.304,1.91730500473256e-60,-0.196,"CG5181"
"CG6583",2.62912787729078e-64,-1.17575894417084,0.216,0.432,2.93594710057062e-60,-0.216,"CG6583"
"CG5862",5.5597882329773e-64,-1.24037326431856,0.183,0.399,6.20861551976575e-60,-0.216,"CG5862"
"mt:ND5",2.29114829980456e-63,0.816112733244295,0.632,0.426,2.55852530639176e-59,0.206,"mt:ND5"
"ox",3.19502430663267e-63,-0.652600417289472,0.508,0.721,3.56788364321671e-59,-0.213,"ox"
"Hmu",4.24905658424204e-63,-0.807190504473301,0.402,0.618,4.74492148762308e-59,-0.216,"Hmu"
"icln",8.03861661638269e-63,-1.34532115672527,0.145,0.351,8.97672317551455e-59,-0.206,"icln"
"wol",1.00177141305039e-62,-1.11291304480242,0.218,0.44,1.11867813695337e-58,-0.222,"wol"
"Kank",1.11857819400468e-62,-1.2878834573004,0.189,0.397,1.24911626924503e-58,-0.208,"Kank"
"CG15019",1.77026073632125e-62,-0.997663454883713,0.25,0.483,1.97685016424994e-58,-0.233,"CG15019"
"VhaPPA1-1",2.2581591126971e-62,-1.27688684400616,0.162,0.372,2.52168628114885e-58,-0.21,"VhaPPA1-1"
"CG8740",3.55998971403273e-62,-1.01672281468203,0.312,0.522,3.97544051366034e-58,-0.21,"CG8740"
"CG31777",4.28171140772693e-62,3.6625600220738,0.17,0.012,4.78138712900867e-58,0.158,"CG31777"
"Alg-2",5.49713246268804e-62,-0.713204342997714,0.448,0.667,6.13864782108374e-58,-0.219,"Alg-2"
"CG34132",1.19019645572413e-61,-1.06061995558709,0.236,0.46,1.32909238210714e-57,-0.224,"CG34132"
"CG11523",1.66939736796955e-61,-1.17629237658661,0.196,0.41,1.86421604081159e-57,-0.214,"CG11523"
"Maf1",2.70868743190284e-61,-1.01131267492174,0.247,0.475,3.0247912552059e-57,-0.228,"Maf1"
"CG5446",1.57416801394034e-60,-0.618287003149362,0.535,0.726,1.75787342116718e-56,-0.191,"CG5446"
"CG1273",3.97773495081145e-60,-1.00986247886475,0.267,0.489,4.44193661957115e-56,-0.222,"CG1273"
"p120ctn",1.50543311533017e-59,-0.921867940052653,0.292,0.518,1.6811171598892e-55,-0.226,"p120ctn"
"Ccm3",1.84870276390847e-59,-0.98146810015176,0.254,0.481,2.06444637645659e-55,-0.227,"Ccm3"
"Cont",2.30161593652942e-59,-0.825086390718281,0.372,0.586,2.5702145163224e-55,-0.214,"Cont"
"RpL22",3.81390706775038e-59,0.681373301818583,0.668,0.49,4.25899002255685e-55,0.178,"RpL22"
"regucalcin",7.24589433351828e-59,2.12743309363056,0.24,0.057,8.09149020223986e-55,0.183,"regucalcin"
"corto",9.26446369955594e-59,-1.00306140699206,0.25,0.473,1.03456266132941e-54,-0.223,"corto"
"Rab6",1.09463578691719e-58,-0.557249359890013,0.591,0.768,1.22237978325043e-54,-0.177,"Rab6"
"ImpE2",1.43161202073969e-58,-1.95983788389895,0.058,0.212,1.59868114356001e-54,-0.154,"ImpE2"
"CG8501",2.26047314142589e-58,3.02090665983716,0.178,0.021,2.5242703570303e-54,0.157,"CG8501"
"Surf4",3.78127480163342e-58,-0.625115283280237,0.524,0.71,4.22254957098404e-54,-0.186,"Surf4"
"Cyt-c1",6.93445741655313e-58,-0.656211101339527,0.489,0.684,7.74370859706488e-54,-0.195,"Cyt-c1"
"Rpn11",7.20177680651124e-58,-0.694238679846771,0.449,0.658,8.0422241598311e-54,-0.209,"Rpn11"
"CG9471",8.0943570715744e-58,-1.50118975433916,0.102,0.282,9.03896854182713e-54,-0.18,"CG9471"
"Cals",8.37676814050219e-58,-1.01342996130295,0.256,0.47,9.35433698249879e-54,-0.214,"Cals"
"Dak1",9.08037014928906e-58,-0.744742628868162,0.411,0.626,1.01400493457111e-53,-0.215,"Dak1"
"mbf1",1.13742128352139e-57,-0.56004375991023,0.573,0.751,1.27015834730833e-53,-0.178,"mbf1"
"Kap-alpha3",2.93771569900995e-57,-0.829255838109288,0.328,0.56,3.28054712108441e-53,-0.232,"Kap-alpha3"
"janA",4.86064301609177e-57,-0.696887385757801,0.45,0.654,5.42788005606968e-53,-0.204,"janA"
"Ssdp",5.52787736105149e-57,-0.574629441471159,0.566,0.746,6.1729806490862e-53,-0.18,"Ssdp"
"zda",6.14860086016947e-57,-0.986753885137404,0.238,0.461,6.86614258055124e-53,-0.223,"zda"
"CG10005",9.19727188273687e-57,-0.751135731623926,0.418,0.625,1.02705935114523e-52,-0.207,"CG10005"
"Rad23",9.30589495369236e-57,-0.875685077973697,0.314,0.535,1.03918928947883e-52,-0.221,"Rad23"
"shg",9.73142202541499e-57,-0.537772648758015,0.631,0.794,1.08670789757809e-52,-0.163,"shg"
"dod",1.91656889757352e-56,-0.762183561753866,0.395,0.604,2.14023248792035e-52,-0.209,"dod"
"EMC8-9",2.90580999910399e-56,-0.985036599309996,0.244,0.462,3.24491802599942e-52,-0.218,"EMC8-9"
"CG13003",3.09081952086415e-56,-1.24033833104995,0.176,0.373,3.45151815894899e-52,-0.197,"CG13003"
"CG11665",4.92895575446347e-56,-1.36957502541974,0.125,0.311,5.50416489100935e-52,-0.186,"CG11665"
"CG5399",1.09009109349331e-55,7.4053800142292,0.13,0.001,1.21730472410398e-51,0.129,"CG5399"
"mthl3",1.16465250406278e-55,-1.98547124699813,0.051,0.196,1.3005674512869e-51,-0.145,"mthl3"
"Catsup",1.26344852754078e-55,-0.724696678977274,0.434,0.624,1.41089297070479e-51,-0.19,"Catsup"
"CG12290",2.7048801139171e-55,2.75833230802491,0.196,0.036,3.02053962321122e-51,0.16,"CG12290"
"CG8306",4.75204503915397e-55,-1.00934814022367,0.246,0.454,5.30660869522324e-51,-0.208,"CG8306"
"PlexB",6.18293367462875e-55,-1.69557499181667,0.074,0.232,6.90448203445793e-51,-0.158,"PlexB"
"Adi1",1.06389429758264e-54,-1.23521500927121,0.147,0.34,1.18805076211054e-50,-0.193,"Adi1"
"CG41128",2.21472515601946e-54,-0.769696878843191,0.378,0.587,2.47318358172693e-50,-0.209,"CG41128"
"CG3402",7.43390561886351e-54,-0.873439782343431,0.289,0.507,8.30144240458488e-50,-0.218,"CG3402"
"prtp",1.37238870939936e-53,-0.877041108360631,0.313,0.519,1.53254647178627e-49,-0.206,"prtp"
"mav",1.95516252787147e-53,-1.09102660975224,0.206,0.404,2.18332999487407e-49,-0.198,"mav"
"CG43427",2.73730094109513e-53,-0.975510030152499,0.281,0.479,3.05674396092094e-49,-0.198,"CG43427"
"SC35",3.02112620938086e-53,-0.653331665411887,0.466,0.66,3.37369163801561e-49,-0.194,"SC35"
"mRpL22",3.92444515054842e-53,-0.882699541783025,0.282,0.499,4.38242789961743e-49,-0.217,"mRpL22"
"CG5969",3.92822677746322e-53,-1.33648972066315,0.134,0.315,4.38665084239317e-49,-0.181,"CG5969"
"CG32278",5.61358521640041e-53,-1.27259082871006,0.135,0.319,6.26869061115434e-49,-0.184,"CG32278"
"alphaTub84D",7.13936621605315e-53,-0.843142973622185,0.317,0.53,7.97253025346656e-49,-0.213,"alphaTub84D"
"rho",1.3722011407463e-52,2.34460249657925,0.227,0.061,1.53233701387139e-48,0.166,"rho"
"CG17721",1.445355718624e-52,-1.32537140538931,0.125,0.305,1.61402873098742e-48,-0.18,"CG17721"
"grn",2.97349175555183e-52,-1.17036475402066,0.206,0.395,3.32049824342473e-48,-0.189,"grn"
"bun",3.02050844173994e-52,0.627742462080854,0.705,0.561,3.37300177689099e-48,0.144,"bun"
"CG8420",4.02918125822922e-52,-0.620423915597951,0.522,0.708,4.49938671106458e-48,-0.186,"CG8420"
"CG14985",5.0481403533349e-52,-1.51226790155701,0.083,0.244,5.63725833256908e-48,-0.161,"CG14985"
"PI31",5.05480056208312e-52,-1.1314626558242,0.177,0.371,5.64469578767822e-48,-0.194,"PI31"
"CG6523",5.47090366612823e-52,-0.750648620868612,0.378,0.582,6.10935812396539e-48,-0.204,"CG6523"
"CCT2",9.02516344719501e-52,0.546554901942074,0.745,0.594,1.00784000214827e-47,0.151,"CCT2"
"Tom20",1.09017873819894e-51,-0.811458993392124,0.341,0.543,1.21740259694676e-47,-0.202,"Tom20"
"Pfdn6",1.45506933036159e-51,-0.566574105656606,0.538,0.714,1.62487592121478e-47,-0.176,"Pfdn6"
"Ddc",1.73896047235313e-51,2.3111593398741,0.234,0.067,1.94189715947674e-47,0.167,"Ddc"
"Pvf2",2.12946666213396e-51,-1.15470912144111,0.205,0.392,2.37797542160499e-47,-0.187,"Pvf2"
"CG11151",5.84843332025592e-51,-0.788886223868599,0.352,0.559,6.53094548872979e-47,-0.207,"CG11151"
"GstT1",6.99515061326011e-51,-0.954770194871165,0.25,0.451,7.81148468982756e-47,-0.201,"GstT1"
"gus",8.97956381479524e-51,-0.98539149334356,0.23,0.43,1.00274789119818e-46,-0.2,"gus"
"Rip11",1.24396696919506e-50,-0.808405336713988,0.364,0.555,1.38913791450012e-46,-0.191,"Rip11"
"CG8372",2.30690164135031e-50,-1.01842336168178,0.221,0.417,2.57611706289589e-46,-0.196,"CG8372"
"CG15611",4.22459981199029e-50,-1.07946929720885,0.213,0.403,4.71761061004956e-46,-0.19,"CG15611"
"uex",4.91875078698435e-50,-0.928679242134728,0.265,0.463,5.49276900382542e-46,-0.198,"uex"
"CCT6",8.16027300231281e-50,0.674160692780229,0.637,0.456,9.11257686168272e-46,0.181,"CCT6"
"MED22",8.5258527664401e-50,-1.10744830677218,0.168,0.358,9.52081978428366e-46,-0.19,"MED22"
"Alg11",2.74887812185438e-49,-1.06273567006609,0.196,0.386,3.06967219867479e-45,-0.19,"Alg11"
"CG14057",3.31354791851482e-49,-1.36462493239324,0.104,0.269,3.7002389606055e-45,-0.165,"CG14057"
"Gp150",3.47461565965351e-49,-0.531668666385169,0.58,0.749,3.88010330713508e-45,-0.169,"Gp150"
"CG42239",6.1499676369564e-49,-0.598298568302422,0.519,0.678,6.86766886018921e-45,-0.159,"CG42239"
"rpr",7.11528252703477e-49,1.46452746176153,0.329,0.146,7.94563599793972e-45,0.183,"rpr"
"VhaM9.7-b",1.560160767286e-48,-0.750252049199045,0.364,0.563,1.74223152882827e-44,-0.199,"VhaM9.7-b"
"CG18081",2.02051606356211e-48,-0.709498688527253,0.367,0.581,2.25631028817981e-44,-0.214,"CG18081"
"CG15673",2.24390151642042e-48,2.50580848671588,0.181,0.036,2.50576482338669e-44,0.145,"CG15673"
"CG34200",3.16777509249757e-48,-1.06335367159698,0.183,0.373,3.53745444579203e-44,-0.19,"CG34200"
"pr",3.95727802798538e-48,-0.850773932062125,0.265,0.474,4.41909237385127e-44,-0.209,"pr"
"arm",4.81473266210136e-48,0.614933947087193,0.662,0.499,5.37661196376859e-44,0.163,"arm"
"CG15387",4.87394639482555e-48,-1.03860131507196,0.193,0.383,5.4427359391017e-44,-0.19,"CG15387"
"Adk2",5.18891653663921e-48,-0.525480635373324,0.561,0.729,5.79446309646501e-44,-0.168,"Adk2"
"Sec63",9.94632893700101e-48,-0.738187531252839,0.371,0.568,1.1107065523949e-43,-0.197,"Sec63"
"CG5953",1.10112604572197e-47,1.71083926577946,0.255,0.086,1.22962745525772e-43,0.169,"CG5953"
"snRNA:7SK",1.56358163961373e-47,1.90794946464027,0.237,0.075,1.74605161695666e-43,0.162,"snRNA:7SK"
"lqf",2.86286021376391e-47,-0.528941576204523,0.57,0.734,3.19695600071016e-43,-0.164,"lqf"
"Ufd1-like",3.28798939708552e-47,-0.906170198918964,0.247,0.445,3.6716977597254e-43,-0.198,"Ufd1-like"
"Spn55B",3.82972018148965e-47,1.84068641550756,0.243,0.079,4.27664852666949e-43,0.164,"Spn55B"
"Arpc3A",5.00515370011358e-47,-0.514050561278328,0.582,0.726,5.58925513691684e-43,-0.144,"Arpc3A"
"CG5934",5.69395484128673e-47,-1.1859465198436,0.143,0.317,6.35843937126489e-43,-0.174,"CG5934"
"pre-rRNA:CR45845",6.53610767865614e-47,1.02640419548072,0.485,0.33,7.29887144475531e-43,0.155,"pre-rRNA:CR45845"
"Stt3A",7.41334274893371e-47,-0.785361762352435,0.34,0.536,8.27847984773427e-43,-0.196,"Stt3A"
"Sf3b6",7.88210501128571e-47,-0.656789343741474,0.399,0.609,8.80194666610275e-43,-0.21,"Sf3b6"
"CG9302",8.54624346816412e-47,-1.0036970901023,0.212,0.399,9.54359008089887e-43,-0.187,"CG9302"
"CG14977",9.10005740426422e-47,-0.92413092986384,0.239,0.434,1.01620341033419e-42,-0.195,"CG14977"
"CG1598",1.05835292701696e-46,-0.90847047171563,0.243,0.438,1.18186271359984e-42,-0.195,"CG1598"
"Ank",1.21083574844632e-46,-0.948883453278365,0.229,0.42,1.35214028029e-42,-0.191,"Ank"
"Oscillin",1.4167599537505e-46,-1.40009718756883,0.095,0.251,1.58209584035318e-42,-0.156,"Oscillin"
"Kr-h2",1.8122452220355e-46,-0.827843185986329,0.297,0.497,2.02373423944704e-42,-0.2,"Kr-h2"
"STUB1",2.76030328165174e-46,-1.41146841523748,0.094,0.248,3.0824306746205e-42,-0.154,"STUB1"
"CG5515",2.77451339125597e-46,-0.868249769023186,0.268,0.462,3.09829910401554e-42,-0.194,"CG5515"
"Rel",2.78276469311367e-46,1.740813938268,0.256,0.091,3.10751333280004e-42,0.165,"Rel"
"Bet1",3.5731540637809e-46,-0.710811340862657,0.372,0.565,3.99014114302413e-42,-0.193,"Bet1"
"cni",3.73381102558005e-46,-0.755568580269553,0.336,0.537,4.16954677226525e-42,-0.201,"cni"
"CG9917",3.85505533875135e-46,-1.27115770513409,0.125,0.291,4.30494029678363e-42,-0.166,"CG9917"
"CG11699",4.19035473705706e-46,-0.692756184913363,0.384,0.587,4.67936913487162e-42,-0.203,"CG11699"
"Pmm2",6.12547343310127e-46,-1.15087708969401,0.141,0.314,6.84031618274419e-42,-0.173,"Pmm2"
"Mtch",1.11064717457138e-45,-0.848169684260553,0.284,0.477,1.24025969984386e-41,-0.193,"Mtch"
"CG7461",1.35642390728708e-45,-0.964387009304295,0.216,0.404,1.51471857726748e-41,-0.188,"CG7461"
"M6",3.27334978408612e-45,-1.41965827047412,0.093,0.244,3.65534970388898e-41,-0.151,"M6"
"CG42394",3.62174620550482e-45,-0.763415746891809,0.348,0.531,4.04440398768724e-41,-0.183,"CG42394"
"Set",3.82396121764637e-45,-0.6933733524244,0.386,0.581,4.2702174917457e-41,-0.195,"Set"
"CG12279",4.55213911701324e-45,-0.60132247252024,0.472,0.646,5.08337375196869e-41,-0.174,"CG12279"
"Scox",4.94175903810772e-45,-1.45049975471632,0.09,0.239,5.51846231785489e-41,-0.149,"Scox"
"CG14480",6.73500335334734e-45,-1.0381989963619,0.182,0.364,7.52097824468298e-41,-0.182,"CG14480"
"CG32280",9.73797744545944e-45,-0.860303124676491,0.269,0.461,1.08743994133446e-40,-0.192,"CG32280"
"Nipped-B",1.11833057009238e-44,-0.535455870709352,0.546,0.714,1.24883974762217e-40,-0.168,"Nipped-B"
"kri",1.68108889186715e-44,-0.995047244856001,0.196,0.38,1.87727196554805e-40,-0.184,"kri"
"GstD10",1.77148842900997e-44,4.96503536900936,0.113,0.004,1.97822112867543e-40,0.109,"GstD10"
"eRF1",1.85858571379742e-44,-0.591835326598552,0.479,0.65,2.07548266659758e-40,-0.171,"eRF1"
"pen-2",1.89930506851021e-44,-1.10310804541274,0.165,0.339,2.12095397000535e-40,-0.174,"pen-2"
"Cyp18a1",2.10133506092136e-44,-1.53466310070233,0.076,0.215,2.34656086253088e-40,-0.139,"Cyp18a1"
"CG8891",2.22782462669159e-44,-1.02499823289495,0.178,0.36,2.4878117606265e-40,-0.182,"CG8891"
"EndoU",2.3349589190047e-44,-1.03645174744692,0.197,0.375,2.60744862485255e-40,-0.178,"EndoU"
"kay",2.75657185753313e-44,0.911637524582517,0.511,0.354,3.07826379330724e-40,0.157,"kay"
"Lac",3.66336054072879e-44,-0.509838089846653,0.593,0.74,4.09087471583184e-40,-0.147,"Lac"
"Arl4",3.68516492265431e-44,-0.906181380198305,0.233,0.424,4.11522366912807e-40,-0.191,"Arl4"
"spt4",3.71778105511261e-44,-0.93559942298268,0.217,0.404,4.15164610424425e-40,-0.187,"spt4"
"ND-49",1.1201396898818e-43,-0.999969481565844,0.192,0.372,1.25085999169101e-39,-0.18,"ND-49"
"CG12948",1.14750187700595e-43,-0.967563066746207,0.211,0.393,1.28141534605254e-39,-0.182,"CG12948"
"CG3262",1.16410230703614e-43,-0.941312975256155,0.208,0.394,1.29995304626725e-39,-0.186,"CG3262"
"kune",1.32126370364248e-43,-0.675184347194221,0.404,0.593,1.47545517785756e-39,-0.189,"kune"
"pck",1.64908098513669e-43,-0.58880706083242,0.483,0.656,1.84152873610214e-39,-0.173,"pck"
"Dyrk3",1.66245712589094e-43,-0.861370639057058,0.254,0.446,1.85646587248241e-39,-0.192,"Dyrk3"
"sau",1.84680300714064e-43,-0.789514345399785,0.289,0.488,2.06232491807396e-39,-0.199,"sau"
"Rab18",2.34306750525458e-43,-1.043524348259,0.168,0.344,2.61650348311778e-39,-0.176,"Rab18"
"CG4686",3.60275300443518e-43,-1.22290162272941,0.126,0.285,4.02319428005277e-39,-0.159,"CG4686"
"Dhod",7.41247232480767e-43,-0.653806512003521,0.411,0.592,8.27750784511273e-39,-0.181,"Dhod"
"Arp1",9.09847422319105e-43,-0.605293152212141,0.449,0.628,1.01602661650374e-38,-0.179,"Arp1"
"CG14806",1.05772184875669e-42,-1.14195738241044,0.14,0.304,1.1811579885066e-38,-0.164,"CG14806"
"CG32267",2.05283117884643e-42,-0.70008802877072,0.371,0.556,2.29239657741781e-38,-0.185,"CG32267"
"AP-2sigma",2.74600199540554e-42,-0.749810422013674,0.312,0.505,3.06646042826937e-38,-0.193,"AP-2sigma"
"insc",2.89128864392387e-42,2.0988374758758,0.184,0.046,3.22870202866978e-38,0.138,"insc"
"cbt",3.95534619472816e-42,1.73418913496163,0.225,0.074,4.41693509565293e-38,0.151,"cbt"
"Parp",4.71865754952809e-42,-0.74539636506745,0.329,0.517,5.26932488555802e-38,-0.188,"Parp"
"AGO2",5.80135020020322e-42,-0.974419496568903,0.209,0.385,6.47836776856693e-38,-0.176,"AGO2"
"mod",6.04018678492921e-42,-0.72361903659227,0.336,0.53,6.74507658273045e-38,-0.194,"mod"
"E(spl)malpha-BFM",7.5615080130098e-42,1.0592172415908,0.476,0.33,8.44393599812804e-38,0.146,"E(spl)malpha-BFM"
"CG11905",7.91344839652032e-42,-0.6581145831733,0.414,0.602,8.83694782439424e-38,-0.188,"CG11905"
"CG2046",1.26655957480583e-41,-1.13984799249156,0.132,0.293,1.41436707718567e-37,-0.161,"CG2046"
"Max",1.28058561411686e-41,-0.989808645251842,0.195,0.369,1.4300299552843e-37,-0.174,"Max"
"mRpL24",1.67569221644788e-41,-1.22858361573086,0.116,0.27,1.87124549810734e-37,-0.154,"mRpL24"
"CG34159",1.8492964250016e-41,-0.630104263062528,0.417,0.6,2.06510931779928e-37,-0.183,"CG34159"
"CG6617",2.28359418116775e-41,-1.00970669172962,0.173,0.345,2.55008962211003e-37,-0.172,"CG6617"
"ash2",2.43489544511035e-41,-1.26141056897849,0.108,0.258,2.71904774355473e-37,-0.15,"ash2"
"CG10638",2.73686333295364e-41,-0.888041375416882,0.237,0.415,3.05625528390933e-37,-0.178,"CG10638"
"Rpt5",2.76821761628923e-41,-0.778145606693509,0.303,0.487,3.09126861211018e-37,-0.184,"Rpt5"
"CG14229",3.42750013343005e-41,-1.41897500983761,0.086,0.224,3.82748939900134e-37,-0.138,"CG14229"
"me31B",6.32120448424911e-41,-0.722315086987852,0.327,0.518,7.05888904756098e-37,-0.191,"me31B"
"CG17734",6.77347746909747e-41,-0.612580674219092,0.421,0.613,7.56394228974115e-37,-0.192,"CG17734"
"Bsg",1.00392190491171e-40,-0.519236765703024,0.548,0.701,1.1210795912149e-36,-0.153,"Bsg"
"l(3)L1231",1.01240810695009e-40,0.902258466025163,0.45,0.282,1.13055613303117e-36,0.168,"l(3)L1231"
"Prx6005",1.51989479079205e-40,-1.35308274478829,0.098,0.24,1.69726651287748e-36,-0.142,"Prx6005"
"CG9240",1.62059077773523e-40,-1.07373920174117,0.151,0.315,1.80971372149694e-36,-0.164,"CG9240"
"qsm",1.72546753698047e-40,-0.860779039899122,0.259,0.437,1.92682959854609e-36,-0.178,"qsm"
"Stlk",2.24910393599566e-40,-1.12169584589327,0.141,0.3,2.51157436532635e-36,-0.159,"Stlk"
"glo",2.28765639782335e-40,-0.7906840475147,0.294,0.475,2.55462589944933e-36,-0.181,"glo"
"MFS18",2.68369539481027e-40,-1.41303494056571,0.085,0.221,2.99688264738463e-36,-0.136,"MFS18"
"Vrp1",3.33417740458896e-40,1.92073328619476,0.196,0.058,3.72327590770449e-36,0.138,"Vrp1"
"CG9588",5.6159649914834e-40,-1.22466654739585,0.117,0.266,6.27134810598952e-36,-0.149,"CG9588"
"mmy",6.39824608472542e-40,-0.835957096831489,0.274,0.452,7.14492140281288e-36,-0.178,"mmy"
"CG9812",8.11386940607395e-40,-1.72462351653211,0.063,0.185,9.06075796576278e-36,-0.122,"CG9812"
"ND-15",8.22392313840437e-40,-0.643667980611714,0.408,0.583,9.18365496865616e-36,-0.175,"ND-15"
"Rab4",1.0219760544204e-39,-0.883864928083602,0.23,0.405,1.14124065997126e-35,-0.175,"Rab4"
"SdhC",1.2927079136193e-39,-0.596329319391973,0.446,0.616,1.44356692713867e-35,-0.17,"SdhC"
"APC10",1.39226960621382e-39,-1.49516866096233,0.072,0.2,1.55474746925897e-35,-0.128,"APC10"
"trsn",1.39603224307401e-39,-0.920245171278044,0.221,0.393,1.55894920584074e-35,-0.172,"trsn"
"Vha36-1",1.42026014708537e-39,-0.636635367314616,0.4,0.585,1.58600450625023e-35,-0.185,"Vha36-1"
"CG4572",1.46407805040632e-39,-1.05995326086139,0.164,0.326,1.63493595888874e-35,-0.162,"CG4572"
"TM9SF2",1.75319362029433e-39,-0.690946072481995,0.356,0.536,1.95779131578268e-35,-0.18,"TM9SF2"
"l(1)G0469",2.15793173960744e-39,1.67040733154935,0.221,0.076,2.40976237361963e-35,0.145,"l(1)G0469"
"Sep2",3.57678454145409e-39,-0.564201809824457,0.461,0.637,3.99419529744178e-35,-0.176,"Sep2"
"Vha26",3.66768347468853e-39,-0.789640732449366,0.281,0.464,4.09570213618468e-35,-0.183,"Vha26"
"Sep1",4.78603366694873e-39,-0.746970675926944,0.295,0.48,5.34456379588165e-35,-0.185,"Sep1"
"Ciao1",5.06722319018025e-39,-1.22197594485914,0.119,0.266,5.65856813647429e-35,-0.147,"Ciao1"
"COQ7",5.1068549647365e-39,-1.11199615822284,0.139,0.295,5.70282493912125e-35,-0.156,"COQ7"
"Rpb7",7.23047047038953e-39,-1.53026104161839,0.067,0.191,8.07426637428399e-35,-0.124,"Rpb7"
"CG11753",7.68618368275865e-39,-0.974828830616855,0.185,0.352,8.58316131853659e-35,-0.167,"CG11753"
"magu",9.94319112814112e-39,-0.998728747534912,0.186,0.351,1.11035615327952e-34,-0.165,"magu"
"CG3678",1.00511352407402e-38,-1.05353914713901,0.151,0.31,1.12241027233346e-34,-0.159,"CG3678"
"Pdk1",1.27692532305165e-38,1.14826787661189,0.34,0.174,1.42594250825178e-34,0.166,"Pdk1"
"CG2811",1.28820100217425e-38,-0.939858605617659,0.195,0.364,1.43853405912798e-34,-0.169,"CG2811"
"CG5484",1.38621002736251e-38,-0.852502385943847,0.242,0.416,1.54798073755571e-34,-0.174,"CG5484"
"CG11200",2.17420466252388e-38,-0.795176070259091,0.347,0.509,2.42793434664042e-34,-0.162,"CG11200"
"CG8974",3.21853051432436e-38,-0.854001609696485,0.237,0.41,3.59413302534601e-34,-0.173,"CG8974"
"stv",3.71777503567102e-38,0.892985655537538,0.466,0.31,4.15163938233383e-34,0.156,"stv"
"sel",4.80094232777738e-38,-0.707182096666002,0.347,0.519,5.361212297429e-34,-0.172,"sel"
"CG33941",4.9799979298434e-38,-1.24839631439168,0.105,0.245,5.56116368825612e-34,-0.14,"CG33941"
"AP-1mu",5.02813490071214e-38,-0.871565221962723,0.21,0.386,5.61491824362525e-34,-0.176,"AP-1mu"
"cora",5.02846737895992e-38,-0.842721185906387,0.244,0.418,5.61528952208454e-34,-0.174,"cora"
"CG13252",5.07097695615415e-38,-0.760636331161962,0.315,0.488,5.66275996693734e-34,-0.173,"CG13252"
"Fkbp59",5.38610622355274e-38,-0.704706030881432,0.328,0.509,6.01466481984134e-34,-0.181,"Fkbp59"
"cv-c",5.69749584038404e-38,-0.555431572338339,0.503,0.657,6.36239360495686e-34,-0.154,"cv-c"
"CG13377",7.50442345408448e-38,-1.25120463456269,0.112,0.253,8.38018967117614e-34,-0.141,"CG13377"
"eIF4B",8.99746297319402e-38,-0.627787286133779,0.393,0.573,1.00474669021658e-33,-0.18,"eIF4B"
"CG3038",1.03130584948662e-37,-1.33176695676759,0.091,0.225,1.15165924212171e-33,-0.134,"CG3038"
"Rac1",1.16189461887964e-37,-0.50056230348804,0.525,0.695,1.2974877209029e-33,-0.17,"Rac1"
"elm",1.63401508588879e-37,-1.04203083263545,0.157,0.313,1.82470464641201e-33,-0.156,"elm"
"CG30428",1.78405831751325e-37,-1.39622118737456,0.083,0.211,1.99225792316705e-33,-0.128,"CG30428"
"Mob4",1.92350621136394e-37,-0.74563662866285,0.296,0.474,2.14797938623011e-33,-0.178,"Mob4"
"CG5044",2.16135793652386e-37,-1.44626696748988,0.071,0.194,2.4135884077162e-33,-0.123,"CG5044"
"Stim",2.27536321804679e-37,-1.21393874734836,0.115,0.257,2.54089810559285e-33,-0.142,"Stim"
"Non1",2.37625021763658e-37,1.21336405805708,0.305,0.146,2.65355861803476e-33,0.159,"Non1"
"e(r)",3.02412341446474e-37,-0.846276368795376,0.228,0.401,3.37703861693278e-33,-0.173,"e(r)"
"mRpS5",3.29835018147656e-37,-1.14136919859647,0.133,0.28,3.68326764765487e-33,-0.147,"mRpS5"
"Gbs-70E",3.57665946003024e-37,-1.0105886017469,0.177,0.334,3.99405561901576e-33,-0.157,"Gbs-70E"
"CSN5",3.6215732261366e-37,-0.82286121976079,0.258,0.428,4.04421082162674e-33,-0.17,"CSN5"
"dgt2",3.83930293726565e-37,-1.32301251748972,0.09,0.222,4.28734959004455e-33,-0.132,"dgt2"
"Uba5",6.40487086157828e-37,-0.742552624294425,0.292,0.469,7.15231929112446e-33,-0.177,"Uba5"
"tsu",6.46040209047886e-37,-0.629296540600867,0.384,0.564,7.21433101443775e-33,-0.18,"tsu"
"Cypl",7.20986724492622e-37,-0.996036337257997,0.17,0.328,8.05125875240911e-33,-0.158,"Cypl"
"PrBP",7.30142790814836e-37,-1.09927624039419,0.137,0.287,8.15350454502927e-33,-0.15,"PrBP"
"CAH2",1.03882556507232e-36,0.515249311466829,0.706,0.563,1.16005650851626e-32,0.143,"CAH2"
"CG17549",1.12517946232495e-36,-1.06434706151767,0.172,0.325,1.25648790557827e-32,-0.153,"CG17549"
"rk",1.16390713100125e-36,-0.922445866129944,0.23,0.391,1.29973509318909e-32,-0.161,"rk"
"Rab2",1.41705961073337e-36,-0.595300611472475,0.394,0.576,1.58243046730596e-32,-0.182,"Rab2"
"CAH1",1.91536273517512e-36,-0.920456042603746,0.204,0.366,2.13888556637005e-32,-0.162,"CAH1"
"mnb",1.98765880632198e-36,-0.53195650021184,0.483,0.648,2.21961858901975e-32,-0.165,"mnb"
"CG4455",2.28586996273689e-36,-0.722746316978931,0.328,0.495,2.55263098738828e-32,-0.167,"CG4455"
"CG7394",2.40748669890413e-36,-0.8358392690058,0.229,0.399,2.68844039666625e-32,-0.17,"CG7394"
"mthl5",2.64555668744233e-36,1.15968994271531,0.3,0.141,2.95429315286685e-32,0.159,"mthl5"
"mt:ND2",3.21831548847039e-36,1.14777996744656,0.311,0.152,3.59389290597488e-32,0.159,"mt:ND2"
"FRG1",4.2748117291365e-36,-1.33066681935618,0.084,0.211,4.77368225792673e-32,-0.127,"FRG1"
"RhoL",5.55523343124694e-36,1.34739899295381,0.25,0.102,6.20352917267346e-32,0.148,"RhoL"
"Sptr",6.90221080658594e-36,-1.22322732960662,0.095,0.228,7.70769880771452e-32,-0.133,"Sptr"
"CG13926",7.00204785335621e-36,-1.28066457868522,0.092,0.223,7.81918683784288e-32,-0.131,"CG13926"
"Spn42Da",7.54051445808268e-36,1.01645939301011,0.355,0.191,8.42049249534093e-32,0.164,"Spn42Da"
"mRpS18A",8.4605191864673e-36,-0.921945433515565,0.188,0.349,9.44786177552804e-32,-0.161,"mRpS18A"
"CG6607",1.02266687799508e-35,-1.2173281424533,0.095,0.228,1.14201210265711e-31,-0.133,"CG6607"
"CG15717",1.41737055337222e-35,-0.963704561067778,0.174,0.33,1.58277769695075e-31,-0.156,"CG15717"
"CG6175",1.44094923287873e-35,-0.908596799652839,0.211,0.37,1.60910800835568e-31,-0.159,"CG6175"
"Strn-Mlck",2.23799124273855e-35,1.48128038270193,0.23,0.09,2.49916482076613e-31,0.14,"Strn-Mlck"
"Syx7",3.17184863873757e-35,-1.11107888079478,0.119,0.26,3.54200337487825e-31,-0.141,"Syx7"
"Toll-7",4.03523468147306e-35,-0.972317845975518,0.183,0.336,4.50614656880096e-31,-0.153,"Toll-7"
"CG5021",5.25635833455112e-35,-0.735674141377328,0.289,0.463,5.86977535219324e-31,-0.174,"CG5021"
"c12.1",5.6280928753072e-35,-0.934195985329339,0.177,0.335,6.28489131385555e-31,-0.158,"c12.1"
"CG31648",6.20289105217681e-35,-1.63583878797507,0.052,0.159,6.92676843796584e-31,-0.107,"CG31648"
"CG32137",6.58871251581126e-35,1.11348166150534,0.312,0.156,7.35761526640644e-31,0.156,"CG32137"
"CaMKII",7.84435264018275e-35,-1.0196429461695,0.153,0.302,8.75978859329207e-31,-0.149,"CaMKII"
"Snx1",7.85018372553624e-35,-1.1150704558523,0.123,0.264,8.76630016630632e-31,-0.141,"Snx1"
"SCCRO",1.08789463236283e-34,-1.12875335107965,0.128,0.267,1.21485193595957e-30,-0.139,"SCCRO"
"lsn",1.30686035912158e-34,-1.00406833506039,0.154,0.303,1.45937096303107e-30,-0.149,"lsn"
"CG42342",1.6960874796157e-34,-0.522679007529173,0.483,0.655,1.89402088848685e-30,-0.172,"CG42342"
"CG33111",1.72044301780341e-34,-1.10795290568038,0.134,0.275,1.92121871798107e-30,-0.141,"CG33111"
"Debcl",1.80662445006884e-34,-1.45314142229973,0.066,0.181,2.01745752339188e-30,-0.115,"Debcl"
"CG9628",2.30319967170892e-34,-0.73340940106287,0.299,0.467,2.57198307339735e-30,-0.168,"CG9628"
"CG40160",2.66505626605447e-34,-0.880065593624743,0.209,0.367,2.97606833230303e-30,-0.158,"CG40160"
"tkv",2.67305184547152e-34,-1.32181694622008,0.095,0.221,2.98499699583805e-30,-0.126,"tkv"
"CG11562",2.82461046434146e-34,-1.16943901195542,0.11,0.244,3.15424250553011e-30,-0.134,"CG11562"
"Gp210",3.23428042675489e-34,-1.1643044698647,0.116,0.25,3.61172095255718e-30,-0.134,"Gp210"
"Tim23",3.38049479836242e-34,-0.600352670690088,0.393,0.56,3.77499854133132e-30,-0.167,"Tim23"
"Got1",3.52330754985935e-34,-0.725976410902884,0.301,0.464,3.93447754092793e-30,-0.163,"Got1"
"Wdfy2",4.04200310813478e-34,-0.716821153117978,0.287,0.46,4.51370487085411e-30,-0.173,"Wdfy2"
"Trf2",4.22570588583276e-34,0.727769421614582,0.51,0.367,4.71884576270944e-30,0.143,"Trf2"
"asrij",7.37767775467836e-34,-0.90527258550039,0.192,0.347,8.23865274864932e-30,-0.155,"asrij"
"CSN4",8.54521990592583e-34,-0.978786703705431,0.164,0.312,9.54244706894738e-30,-0.148,"CSN4"
"Nipsnap",8.78853434217131e-34,-1.11339330932058,0.124,0.261,9.8141562999027e-30,-0.137,"Nipsnap"
"Gapdh1",1.01070794048833e-33,-0.632775728244094,0.373,0.542,1.12865755714332e-29,-0.169,"Gapdh1"
"LSm3",1.18402636846958e-33,-0.758825236385812,0.272,0.435,1.32220224566998e-29,-0.163,"LSm3"
"CREG",1.67385186408876e-33,-1.63916305841767,0.05,0.152,1.86919037662792e-29,-0.102,"CREG"
"Hmgs",1.70802837695162e-33,-0.963204487532277,0.171,0.32,1.90735528854187e-29,-0.149,"Hmgs"
"DCTN3-p24",1.85126376392626e-33,-1.12111557920758,0.115,0.25,2.06730624517645e-29,-0.135,"DCTN3-p24"
"prage",2.56077571802746e-33,1.21409240928486,0.296,0.149,2.85961824432127e-29,0.147,"prage"
"CG17691",2.68406143585815e-33,-0.86672965403914,0.212,0.367,2.9972914054228e-29,-0.155,"CG17691"
"kek1",3.87548963141024e-33,0.901628449370689,0.417,0.264,4.32775927139582e-29,0.153,"kek1"
"Rpn13",7.19078916569437e-33,-0.505338484914733,0.49,0.627,8.02995426133091e-29,-0.137,"Rpn13"
"Trs20",7.45843257723593e-33,-1.09410213485535,0.124,0.259,8.32883165899936e-29,-0.135,"Trs20"
"CG31998",8.84845740244023e-33,-1.12042182656228,0.131,0.266,9.88107238130501e-29,-0.135,"CG31998"
"CG1910",1.50342038919868e-32,-0.678472378870076,0.31,0.478,1.67886954861817e-28,-0.168,"CG1910"
"strat",1.72366746438854e-32,-1.05700392598095,0.13,0.267,1.92481945748268e-28,-0.137,"strat"
"CG5214",2.46079385293662e-32,-0.568178521936567,0.399,0.568,2.74796849557432e-28,-0.169,"CG5214"
"CG32576",3.04641232388622e-32,-0.986719810165638,0.152,0.294,3.40192864208374e-28,-0.142,"CG32576"
"Hmgcr",4.4385804012887e-32,-1.09015433960286,0.132,0.266,4.95656273411909e-28,-0.134,"Hmgcr"
"HSPC300",4.7684305097019e-32,-0.740728077570188,0.251,0.415,5.32490635018411e-28,-0.164,"HSPC300"
"Nca",5.47222336476351e-32,-1.10053943380064,0.119,0.25,6.11083183143141e-28,-0.131,"Nca"
"capt",6.36799952046439e-32,-0.521595799533918,0.495,0.627,7.11114506450258e-28,-0.132,"capt"
"Rrp47",7.18202846158896e-32,-1.06680965434558,0.127,0.261,8.02017118305639e-28,-0.134,"Rrp47"
"mbl",7.5587934600702e-32,1.05206733383447,0.324,0.174,8.44090465686039e-28,0.15,"mbl"
"lncRNA:CR43241",7.66031518975785e-32,-1.3793116771412,0.072,0.184,8.55427397240259e-28,-0.112,"lncRNA:CR43241"
"fus",8.70532769903533e-32,0.846611562711523,0.41,0.259,9.72123944151275e-28,0.151,"fus"
"btl",8.81051946241857e-32,-1.14969051470974,0.111,0.238,9.83870708368282e-28,-0.127,"btl"
"CG4968",8.88994649739394e-32,-0.911710735648539,0.174,0.321,9.92740325363981e-28,-0.147,"CG4968"
"nmd",9.47628378766682e-32,-1.11677456489505,0.119,0.249,1.05821661056875e-27,-0.13,"nmd"
"fok",9.5011075382747e-32,1.12187936878026,0.284,0.138,1.06098867879914e-27,0.146,"fok"
"CG17883",1.00098337245237e-31,-1.03318454380265,0.136,0.273,1.11779813201756e-27,-0.137,"CG17883"
"Pglym78",1.4504839799507e-31,-0.674885024235252,0.325,0.481,1.61975546041094e-27,-0.156,"Pglym78"
"UbcE2M",1.55247488171908e-31,-0.669159931885825,0.302,0.467,1.7336487004157e-27,-0.165,"UbcE2M"
"CG8460",1.84745511136975e-31,-1.00346346521448,0.15,0.288,2.0630531228666e-27,-0.138,"CG8460"
"GlyRS",2.13471344499866e-31,-0.67915554626694,0.302,0.466,2.38383450403e-27,-0.164,"GlyRS"
"lncRNA:CR42491",2.18139999430782e-31,-1.00918960865337,0.142,0.279,2.43596937364354e-27,-0.137,"lncRNA:CR42491"
"CG8854",2.21160518410955e-31,-0.699253947419947,0.303,0.461,2.46969950909514e-27,-0.158,"CG8854"
"bou",2.47430652431715e-31,-0.595062402977011,0.386,0.544,2.76305809570496e-27,-0.158,"bou"
"Zasp52",2.49165845802438e-31,1.27402386306077,0.247,0.11,2.78243500007583e-27,0.137,"Zasp52"
"CG10417",2.62083069548699e-31,-0.968149387564111,0.157,0.297,2.92668163765032e-27,-0.14,"CG10417"
"lncRNA:CR43264",2.88029321848556e-31,-0.733733950862575,0.227,0.389,3.21642343708283e-27,-0.162,"lncRNA:CR43264"
"scb",3.20083548096139e-31,1.58616544598013,0.189,0.068,3.57437298158958e-27,0.121,"scb"
"alphaSnap",3.97370349365156e-31,-0.615507302839748,0.335,0.505,4.43743469136069e-27,-0.17,"alphaSnap"
"CycC",4.33822964146234e-31,-1.2753943069232,0.078,0.192,4.84450104062099e-27,-0.114,"CycC"
"CG5447",4.53973512814125e-31,-1.12104063027386,0.108,0.234,5.06952221759533e-27,-0.126,"CG5447"
"CG17266",4.78314380443342e-31,-1.03260941446363,0.137,0.272,5.3413366864108e-27,-0.135,"CG17266"
"Sgt1",5.197819575876e-31,-0.782705756542288,0.225,0.382,5.80440512038073e-27,-0.157,"Sgt1"
"cpb",5.303299714243e-31,-0.622977645125024,0.324,0.491,5.92219479089516e-27,-0.167,"cpb"
"mRpS23",6.08566249118058e-31,-1.10431467296772,0.111,0.238,6.79585930390136e-27,-0.127,"mRpS23"
"kibra",7.68902042599727e-31,-0.606519598200683,0.358,0.523,8.58632910971115e-27,-0.165,"kibra"
"CG1542",1.35205108411148e-30,-1.32160522594706,0.072,0.181,1.50983544562729e-26,-0.109,"CG1542"
"CG1620",1.4703357151475e-30,-1.09506216618089,0.109,0.235,1.64192389310521e-26,-0.126,"CG1620"
"CG41099",1.57357868566168e-30,-1.15986762143491,0.102,0.224,1.7572153182784e-26,-0.122,"CG41099"
"CG1888",2.32418145754687e-30,-0.827135245892161,0.195,0.345,2.59541343364259e-26,-0.15,"CG1888"
"CG45049",2.68882621624506e-30,-0.698713046551033,0.299,0.453,3.00261223568086e-26,-0.154,"CG45049"
"Dtg",2.85111898151422e-30,-0.949297646665716,0.165,0.304,3.18384456665693e-26,-0.139,"Dtg"
"CG9586",3.01703925185814e-30,-0.70829523142921,0.272,0.429,3.36912773254999e-26,-0.157,"CG9586"
"Fnta",3.0434738481464e-30,-0.780488968320468,0.224,0.377,3.39864724622508e-26,-0.153,"Fnta"
"RhoGAP18B",3.50738956037332e-30,0.892546354605881,0.38,0.235,3.91670192206888e-26,0.145,"RhoGAP18B"
"CG11454",3.77659062176235e-30,-1.12423351441226,0.098,0.219,4.21731874732201e-26,-0.121,"CG11454"
"CG11137",3.79312637009615e-30,-0.613626042770254,0.35,0.509,4.23578421748637e-26,-0.159,"CG11137"
"CG31937",3.89940666718885e-30,-0.946701173497067,0.155,0.292,4.35446742524978e-26,-0.137,"CG31937"
"CG30291",4.53610157689798e-30,-1.06777666126449,0.123,0.251,5.06546463092197e-26,-0.128,"CG30291"
"CG9186",4.77742424575931e-30,-0.603038452387422,0.373,0.527,5.33494965523942e-26,-0.154,"CG9186"
"CG12343",7.45891758828302e-30,-1.01365496310223,0.129,0.259,8.32937327083565e-26,-0.13,"CG12343"
"CG2846",9.54562375769318e-30,-0.882690870478039,0.171,0.313,1.0659598050216e-25,-0.142,"CG2846"
"CG7382",1.02836865467576e-29,-1.02027368285377,0.121,0.249,1.14837927667642e-25,-0.128,"CG7382"
"CG17343",1.19386143414068e-29,-1.12952298880343,0.096,0.215,1.3331850635049e-25,-0.119,"CG17343"
"Uch-L5",1.4335412617771e-29,-0.62160666586089,0.326,0.487,1.60083552702648e-25,-0.161,"Uch-L5"
"Pop2",1.6457614804719e-29,-0.782412450558708,0.22,0.37,1.83782184524297e-25,-0.15,"Pop2"
"CG14671",1.68465019549026e-29,-0.998045893559367,0.132,0.263,1.88124887330397e-25,-0.131,"CG14671"
"sina",1.71022730894956e-29,-0.523409476674121,0.457,0.607,1.90981083590398e-25,-0.15,"sina"
"Arpc2",2.43769931504653e-29,-0.597282156602739,0.347,0.505,2.72217882511246e-25,-0.158,"Arpc2"
"CG6700",2.66539497811179e-29,-0.791440520024855,0.215,0.363,2.97644657205744e-25,-0.148,"CG6700"
"CG14817",2.84369429641354e-29,-0.812358207244602,0.208,0.354,3.175553420805e-25,-0.146,"CG14817"
"MED26",3.29686101936248e-29,-0.541054258003813,0.396,0.562,3.68160470032208e-25,-0.166,"MED26"
"Diap1",3.9989765412228e-29,-0.657298882536947,0.294,0.453,4.46565710358351e-25,-0.159,"Diap1"
"ZAP3",4.6332118289041e-29,1.01486271009347,0.301,0.161,5.17390764933721e-25,0.14,"ZAP3"
"ci",4.84488846429474e-29,-0.75754290851249,0.239,0.387,5.41028694807794e-25,-0.148,"ci"
"CG1105",5.19273609176177e-29,-0.876972957474751,0.169,0.309,5.79872839367037e-25,-0.14,"CG1105"
"PKD",6.06762454979182e-29,-0.578845647247109,0.376,0.531,6.77571633475253e-25,-0.155,"PKD"
"CG4593",6.24001095194503e-29,-1.04327888590384,0.116,0.24,6.96822023003701e-25,-0.124,"CG4593"
"ZnT86D",8.07316623720912e-29,-0.694267791664796,0.269,0.423,9.01530473709143e-25,-0.154,"ZnT86D"
"GLaz",9.56048869386705e-29,-1.28175888381601,0.096,0.207,1.06761977244413e-24,-0.111,"GLaz"
"CG14894",1.00213716677787e-28,-0.783645311169518,0.218,0.365,1.11908657414084e-24,-0.147,"CG14894"
"CG8468",1.00584597962986e-28,1.45607696407327,0.196,0.077,1.12322820545267e-24,0.119,"CG8468"
"E23",1.23127003173852e-28,-0.566793033307617,0.365,0.531,1.37495924444241e-24,-0.166,"E23"
"CG10395",1.28702123913504e-28,-1.10981784203724,0.108,0.227,1.4372166177421e-24,-0.119,"CG10395"
"CG3902",1.59718389285652e-28,-0.931615564658272,0.167,0.3,1.78357525315288e-24,-0.133,"CG3902"
"CG17454",1.65133809835484e-28,-0.562471849167803,0.373,0.53,1.84404925443284e-24,-0.157,"CG17454"
"CG15715",2.05110303917037e-28,-0.84710152515149,0.189,0.328,2.29046676384155e-24,-0.139,"CG15715"
"egl",2.17666846445993e-28,-1.0284798126992,0.125,0.249,2.4306856742624e-24,-0.124,"egl"
"Tsf2",2.45672380318759e-28,-0.712384851400216,0.28,0.426,2.74342347101958e-24,-0.146,"Tsf2"
"Hacd1",2.59334762316985e-28,-0.883597484106094,0.176,0.311,2.89599129079377e-24,-0.135,"Hacd1"
"Sod2",3.35708513923432e-28,-0.53927557805315,0.404,0.556,3.74885697498297e-24,-0.152,"Sod2"
"NijC",3.70430338895405e-28,-1.07631945609527,0.132,0.254,4.13659559444499e-24,-0.122,"NijC"
"GstE1",4.42023946750612e-28,-1.02801783104188,0.133,0.257,4.93608141336409e-24,-0.124,"GstE1"
"GEFmeso",4.48593592413742e-28,1.0465580977375,0.284,0.148,5.00944464648426e-24,0.136,"GEFmeso"
"Myc",6.24176211129222e-28,0.992837744098297,0.314,0.178,6.97017574968002e-24,0.136,"Myc"
"cact",6.80305201201998e-28,1.14611073825158,0.261,0.131,7.59696818182271e-24,0.13,"cact"
"Dredd",7.43517419719596e-28,-1.25689865313521,0.077,0.182,8.30285902600873e-24,-0.105,"Dredd"
"CG9590",7.55730626115063e-28,-0.997173773510716,0.127,0.251,8.43924390182691e-24,-0.124,"CG9590"
"Jra",8.67917113395006e-28,0.89544802415694,0.327,0.184,9.69203040528203e-24,0.143,"Jra"
"Ppa",8.7187032612712e-28,0.876416498690349,0.348,0.204,9.73617593186155e-24,0.144,"Ppa"
"CG32243",9.69046327436858e-28,-1.16645769423835,0.092,0.204,1.08213403384874e-23,-0.112,"CG32243"
"CG30392",9.83047383102683e-28,-0.991598743638927,0.125,0.248,1.09776901271077e-23,-0.123,"CG30392"
"Samuel",1.08734322518339e-27,-0.530572324192577,0.424,0.569,1.21423617956229e-23,-0.145,"Samuel"
"CG11122",1.18970810869725e-27,1.03107599958531,0.285,0.15,1.32854704498221e-23,0.135,"CG11122"
"Sirup",1.23453933913693e-27,-0.836249188401556,0.177,0.315,1.37861008001421e-23,-0.138,"Sirup"
"REG",1.31476030652139e-27,-0.620734751876877,0.322,0.473,1.46819283429244e-23,-0.151,"REG"
"CG6028",1.36286947778546e-27,-0.763756138160431,0.211,0.356,1.52191634584303e-23,-0.145,"CG6028"
"Gmer",1.46889626752494e-27,-1.15486669245611,0.088,0.198,1.64031646194511e-23,-0.11,"Gmer"
"CG2004",1.71774384246632e-27,-0.731803203341245,0.252,0.395,1.91820454888214e-23,-0.143,"CG2004"
"mRpS34",1.80144305162442e-27,-0.987547165862655,0.13,0.253,2.01167145574899e-23,-0.123,"mRpS34"
"Dlish",1.91746519884696e-27,-0.876711769445853,0.17,0.304,2.1412333875524e-23,-0.134,"Dlish"
"CG8336",2.31527704315499e-27,-1.13114644228934,0.091,0.202,2.58546987409118e-23,-0.111,"CG8336"
"P32",2.41597709653351e-27,-0.92028719895585,0.15,0.279,2.69792162369897e-23,-0.129,"P32"
"Zyx",2.57536905510195e-27,-1.11495134898527,0.102,0.216,2.87591462383234e-23,-0.114,"Zyx"
"mRpL44",3.47663851781667e-27,-1.0372680502909,0.115,0.233,3.88236223284588e-23,-0.118,"mRpL44"
"CG31360",3.73644557039517e-27,-1.02939981587717,0.117,0.236,4.17248876846029e-23,-0.119,"CG31360"
"ScsbetaG",3.77725207441337e-27,-1.00287795122683,0.125,0.246,4.21805739149741e-23,-0.121,"ScsbetaG"
"E(spl)m7-HLH",4.72518039388373e-27,0.984380785366419,0.394,0.27,5.27660894584996e-23,0.124,"E(spl)m7-HLH"
"CG31195",6.04713387470115e-27,-0.64087117747275,0.3,0.448,6.75283439787877e-23,-0.148,"CG31195"
"CG8818",7.87184026169798e-27,-0.867648516389196,0.16,0.291,8.79048402023814e-23,-0.131,"CG8818"
"ND-18",8.37149962190289e-27,-0.556207661426697,0.373,0.521,9.34845362777896e-23,-0.148,"ND-18"
"Rpb11",8.87312233877123e-27,-0.571250405215137,0.358,0.505,9.90861571570584e-23,-0.147,"Rpb11"
"wech",9.94099940823126e-27,1.57974762647516,0.161,0.056,1.11011140391718e-22,0.105,"wech"
"ND-20",1.00006772571442e-26,-0.587647843454702,0.332,0.483,1.11677562930529e-22,-0.151,"ND-20"
"CHKov1",1.00347038370321e-26,-0.867995730923836,0.165,0.296,1.12057537748138e-22,-0.131,"CHKov1"
"CG42813",1.27009837734913e-26,-0.855462492371496,0.178,0.309,1.41831885798577e-22,-0.131,"CG42813"
"Rbp1-like",1.65749033220647e-26,0.536879528341466,0.559,0.441,1.85091945397496e-22,0.118,"Rbp1-like"
"CG34015",1.66538905406503e-26,-0.983921375483628,0.122,0.241,1.85973995667442e-22,-0.119,"CG34015"
"Rpi",1.73267989349841e-26,-0.729399514237799,0.25,0.388,1.93488363706967e-22,-0.138,"Rpi"
"CG8209",1.8179971504777e-26,-0.502111119580552,0.419,0.57,2.03015741793845e-22,-0.151,"CG8209"
"Den1",1.85824143407954e-26,-0.920278017202571,0.145,0.271,2.07509820943662e-22,-0.126,"Den1"
"mRpL27",1.95478687168773e-26,-0.638852730525472,0.279,0.43,2.18291049961369e-22,-0.151,"mRpL27"
"CG9804",2.16281453649991e-26,-1.07700537021526,0.1,0.212,2.41521499290945e-22,-0.112,"CG9804"
"MFS17",2.33252884804969e-26,-0.820671839263733,0.194,0.328,2.60473496461709e-22,-0.134,"MFS17"
"Indy",2.72761588843314e-26,-0.891040405545251,0.165,0.292,3.04592866261329e-22,-0.127,"Indy"
"prel",2.75777774855886e-26,-1.18555333110312,0.078,0.181,3.07961041181568e-22,-0.103,"prel"
"scramb2",3.02666807150476e-26,-0.945558104208748,0.133,0.254,3.37988023544937e-22,-0.121,"scramb2"
"Tsp42Ee",3.46584595555839e-26,-0.941910003629582,0.164,0.289,3.87031017857205e-22,-0.125,"Tsp42Ee"
"Cht7",3.60487527413768e-26,-1.07522207924484,0.113,0.226,4.02556421862955e-22,-0.113,"Cht7"
"Hex-A",4.48911066912014e-26,0.835239938580546,0.368,0.235,5.01298988420646e-22,0.133,"Hex-A"
"AdipoR",4.61885663077383e-26,-0.687049894106854,0.257,0.4,5.15787719958513e-22,-0.143,"AdipoR"
"Prpk",5.45613811913309e-26,-0.940950847640028,0.132,0.253,6.09286943763592e-22,-0.121,"Prpk"
"schlank",5.80740396012522e-26,-0.636681757807431,0.298,0.445,6.48512800227184e-22,-0.147,"schlank"
"bowl",6.45085557216352e-26,-0.605900016283793,0.345,0.483,7.203670417435e-22,-0.138,"bowl"
"Spn100A",6.69850872562445e-26,-0.833357049024411,0.178,0.304,7.48022469390482e-22,-0.126,"Spn100A"
"mRpS18B",7.3295469907882e-26,-1.0030000654578,0.107,0.22,8.18490512461318e-22,-0.113,"mRpS18B"
"CG3164",9.32227746952857e-26,-0.991084244663593,0.129,0.247,1.04101872502226e-21,-0.118,"CG3164"
"TM9SF4",1.33056051548234e-25,-0.83146942600855,0.165,0.295,1.48583692763913e-21,-0.13,"TM9SF4"
"Scamp",1.34295574098654e-25,-0.585323856552781,0.334,0.476,1.49967867595966e-21,-0.142,"Scamp"
"NFAT",1.56417394616378e-25,-0.623983427556152,0.301,0.447,1.74671304568109e-21,-0.146,"NFAT"
"mRpL41",1.62250303213881e-25,-0.859775426576771,0.161,0.287,1.81184913598941e-21,-0.126,"mRpL41"
"bsk",1.7743367992692e-25,-0.827582140130723,0.17,0.299,1.98140190374391e-21,-0.129,"bsk"
"sdk",1.80868644031763e-25,-0.823129703834775,0.183,0.313,2.0197601479027e-21,-0.13,"sdk"
"CG7840",2.00108569930985e-25,-1.12797066179469,0.098,0.205,2.23461240041931e-21,-0.107,"CG7840"
"Arc2",2.23286143377486e-25,-1.08326072365999,0.099,0.207,2.49343636309638e-21,-0.108,"Arc2"
"e(y)3",2.33215160356188e-25,0.944849055016082,0.284,0.154,2.60431369569756e-21,0.13,"e(y)3"
"CG7519",2.34977411269717e-25,-0.809226413035232,0.183,0.314,2.62399275164893e-21,-0.131,"CG7519"
"Mgstl",2.43961943056019e-25,1.09027383199638,0.235,0.114,2.72432301810657e-21,0.121,"Mgstl"
"p38b",2.44046488698682e-25,-1.01587861806266,0.115,0.227,2.72526713929819e-21,-0.112,"p38b"
"Dhfr",2.51415476700721e-25,-0.845416791861247,0.17,0.297,2.80755662831695e-21,-0.127,"Dhfr"
"ND-24",2.6238509646663e-25,-0.686096440785189,0.239,0.382,2.93005437224285e-21,-0.143,"ND-24"
"rump",2.97977629049022e-25,-0.551687444389937,0.372,0.512,3.32751618359042e-21,-0.14,"rump"
"CG7694",3.44669447262319e-25,-1.0283641950132,0.105,0.215,3.84892371757832e-21,-0.11,"CG7694"
"CG11077",4.92870221543412e-25,-0.840637736681562,0.169,0.296,5.50388176397528e-21,-0.127,"CG11077"
"l(2)SH0834",4.96283808313963e-25,-0.843454009709656,0.161,0.287,5.54200128744203e-21,-0.126,"l(2)SH0834"
"mRpS26",6.54775856243243e-25,-0.940843024117985,0.129,0.245,7.3118819866683e-21,-0.116,"mRpS26"
"CG10962",6.83249613949764e-25,-0.970204945932503,0.179,0.298,7.62984843897702e-21,-0.119,"CG10962"
"CG14434",7.72754968314329e-25,-1.01401343968925,0.112,0.223,8.62935473116611e-21,-0.111,"CG14434"
"Pi3K68D",8.21750727959684e-25,-0.796453377429733,0.186,0.315,9.17649037912579e-21,-0.129,"Pi3K68D"
"slv",8.44617272386435e-25,-0.917283243788024,0.143,0.262,9.43184108073932e-21,-0.119,"slv"
"Nrx-IV",8.89156355644197e-25,-0.593136698400968,0.316,0.461,9.92920902347875e-21,-0.145,"Nrx-IV"
"ttv",9.39083969525766e-25,-0.920431327703644,0.14,0.258,1.04867506876942e-20,-0.118,"ttv"
"mRpS11",1.09948490412079e-24,-0.878355044359169,0.145,0.267,1.22779479243168e-20,-0.122,"mRpS11"
"SCCRO4",1.22867913358226e-24,-1.11690230648934,0.083,0.184,1.37206598847131e-20,-0.101,"SCCRO4"
"CG17683",1.71687433315935e-24,-0.972534408945676,0.127,0.24,1.91723356783905e-20,-0.113,"CG17683"
"kug",1.848912239779e-24,-0.797467415069796,0.182,0.31,2.06468029816121e-20,-0.128,"kug"
"CG10672",2.58071439198013e-24,-0.998717966634924,0.106,0.215,2.88188376152421e-20,-0.109,"CG10672"
"Nct",2.67479197570695e-24,-0.9605961578011,0.125,0.239,2.98694019927195e-20,-0.114,"Nct"
"Bdbt",3.15319576454456e-24,-0.970534314961307,0.118,0.23,3.5211737102669e-20,-0.112,"Bdbt"
"CG5902",4.0714423366188e-24,-0.536107819056743,0.343,0.49,4.54657965730221e-20,-0.147,"CG5902"
"asf1",4.07206127920852e-24,-1.04895484655166,0.097,0.202,4.54727083049216e-20,-0.105,"asf1"
"Marc",4.28063026937277e-24,-0.926513217938882,0.132,0.247,4.78017982180857e-20,-0.115,"Marc"
"cysu",6.42085394564512e-24,-1.10190415418778,0.093,0.195,7.1701676011019e-20,-0.102,"cysu"
"CLIP-190",6.72025308805109e-24,-0.635964946694622,0.266,0.406,7.50450662342665e-20,-0.14,"CLIP-190"
"Vta1",6.76209710480696e-24,-0.611572248331395,0.281,0.424,7.55123383693793e-20,-0.143,"Vta1"
"EMC1",7.15022065128022e-24,-0.833925704480992,0.175,0.297,7.98465140128463e-20,-0.122,"EMC1"
"Slip1",7.61398458348379e-24,-1.01409252619133,0.107,0.213,8.50253658437635e-20,-0.106,"Slip1"
"CG10424",9.70848501498873e-24,-1.00625453506,0.108,0.214,1.08414652162379e-19,-0.106,"CG10424"
"CG3436",9.86707822402714e-24,-0.891777982050325,0.134,0.249,1.10185662527711e-19,-0.115,"CG3436"
"Yippee",9.95444904754644e-24,-0.912024171369559,0.118,0.23,1.11161332513951e-19,-0.112,"Yippee"
"Smn",1.0873535079538e-23,-0.716739327592431,0.203,0.335,1.21424766233201e-19,-0.132,"Smn"
"puc",1.40206923636164e-23,0.753508222435928,0.418,0.304,1.56569071624504e-19,0.114,"puc"
"MagR",1.41851996222846e-23,-1.04432215708512,0.095,0.197,1.58406124182052e-19,-0.102,"MagR"
"CG14184",1.56147327807e-23,-0.931883775506888,0.124,0.236,1.74369720962077e-19,-0.112,"CG14184"
"Rab7",1.61786349664517e-23,-0.547793652103265,0.335,0.479,1.80666816670366e-19,-0.144,"Rab7"
"lncRNA:CR43496",1.63307116275606e-23,-1.03680792686004,0.102,0.206,1.82365056744969e-19,-0.104,"lncRNA:CR43496"
"CG18549",1.76434548965278e-23,-0.9626414715006,0.133,0.244,1.97024460829526e-19,-0.111,"CG18549"
"asRNA:CR45185",2.55218607512571e-23,-0.843530498460719,0.159,0.277,2.85002619009288e-19,-0.118,"asRNA:CR45185"
"CG12129",2.83468050712517e-23,-0.993700108930535,0.113,0.22,3.16548772230667e-19,-0.107,"CG12129"
"Grx1",3.94457981314767e-23,-0.580076705102272,0.298,0.44,4.404912277342e-19,-0.142,"Grx1"
"CG11377",4.39136616361075e-23,-1.05287687969802,0.101,0.203,4.90383859490412e-19,-0.102,"CG11377"
"mRpL47",4.66488021176977e-23,-0.855852515135797,0.147,0.263,5.2092717324833e-19,-0.116,"mRpL47"
"QIL1",4.93228273940407e-23,-0.587313734446959,0.321,0.45,5.50788013509252e-19,-0.129,"QIL1"
"CG16979",4.98780992863458e-23,-1.04403659668839,0.102,0.205,5.56988734730624e-19,-0.103,"CG16979"
"CG43103",6.37280721366402e-23,-1.03056416525813,0.108,0.211,7.11651381549861e-19,-0.103,"CG43103"
"CG5973",6.69998637542639e-23,-0.688577922297851,0.222,0.354,7.48187478543865e-19,-0.132,"CG5973"
"JIL-1",7.10048550792117e-23,-0.510958045185351,0.363,0.508,7.92911216669557e-19,-0.145,"JIL-1"
"Mob2",8.02717026685441e-23,0.704715962441932,0.386,0.257,8.96394103699632e-19,0.129,"Mob2"
"mRpL16",8.23166736794107e-23,-0.832484202247546,0.163,0.28,9.1923029497798e-19,-0.117,"mRpL16"
"CG10465",9.11179537296122e-23,-0.838100877583232,0.152,0.269,1.01751418929858e-18,-0.117,"CG10465"
"Pal1",9.50767718086064e-23,-0.831492659868394,0.165,0.282,1.06172231078671e-18,-0.117,"Pal1"
"Pect",1.15333633160005e-22,1.15321840049483,0.21,0.102,1.28793068149778e-18,0.108,"Pect"
"BEAF-32",1.25593912234928e-22,-0.777804794007279,0.178,0.3,1.40250721792744e-18,-0.122,"BEAF-32"
"poly",1.27406281470512e-22,-0.682664935702851,0.239,0.367,1.4227459451812e-18,-0.128,"poly"
"Aprt",1.28556536431617e-22,-0.751956890055192,0.179,0.303,1.43559084233186e-18,-0.124,"Aprt"
"U2af38",1.32790885634541e-22,-0.905657424955983,0.123,0.232,1.48287581988092e-18,-0.109,"U2af38"
"Ugalt",1.45638847836409e-22,-0.996453995424743,0.114,0.218,1.62634901378918e-18,-0.104,"Ugalt"
"CG5854",1.5380331639008e-22,-0.79542464140787,0.151,0.27,1.71752163412803e-18,-0.119,"CG5854"
"chas",1.54241817451302e-22,-0.726283214284916,0.218,0.343,1.72241837547869e-18,-0.125,"chas"
"CG42668",1.6375661660839e-22,0.851198097434509,0.319,0.197,1.82867013766589e-18,0.122,"CG42668"
"CG3793",2.18149701157544e-22,-0.980221299647506,0.102,0.205,2.43607771282629e-18,-0.103,"CG3793"
"CG3776",2.19603279039438e-22,-0.730282103938456,0.204,0.329,2.45230981703341e-18,-0.125,"CG3776"
"AdSS",3.17308979913829e-22,-0.886151168582854,0.128,0.237,3.54338937869773e-18,-0.109,"AdSS"
"kirre",3.18869533758566e-22,-0.612580270636012,0.26,0.394,3.5608160834819e-18,-0.134,"kirre"
"Snx6",3.74003224815069e-22,-0.725858397716568,0.188,0.312,4.17649401150987e-18,-0.124,"Snx6"
"Archease",3.88092147512827e-22,-0.91093769352283,0.116,0.222,4.33382501127574e-18,-0.106,"Archease"
"CG1764",4.05511166949314e-22,-0.790101893410113,0.172,0.289,4.52834320132299e-18,-0.117,"CG1764"
"CG9914",4.13081971752779e-22,-1.04381203896675,0.128,0.231,4.61288637856328e-18,-0.103,"CG9914"
"Alg2",4.35816470563191e-22,-0.987771649884801,0.106,0.207,4.86676252677915e-18,-0.101,"Alg2"
"Pgant7",4.52290762797166e-22,-0.777770068027828,0.18,0.298,5.05073094815596e-18,-0.118,"Pgant7"
"O-fut1",4.73735472039437e-22,-0.819457457353739,0.16,0.275,5.29020401626439e-18,-0.115,"O-fut1"
"RtcB",4.90809662151611e-22,-0.939973735935315,0.12,0.226,5.48087149724704e-18,-0.106,"RtcB"
"fj",8.04547841439979e-22,0.962931316566434,0.233,0.12,8.98438574536025e-18,0.113,"fj"
"jigr1",8.4030741972492e-22,0.871410572832742,0.326,0.211,9.38371295606818e-18,0.115,"jigr1"
"CG17765",9.19853540797825e-22,-0.558612541072415,0.313,0.446,1.02720044900893e-17,-0.133,"CG17765"
"LamC",9.63209379826607e-22,0.783507260260663,0.345,0.223,1.07561591445237e-17,0.122,"LamC"
"DCTN1-p150",9.71285746458326e-22,-0.85794862260382,0.142,0.252,1.08463479307001e-17,-0.11,"DCTN1-p150"
"Tim9a",1.03974520565208e-21,-0.547007092004051,0.319,0.456,1.16108347115167e-17,-0.137,"Tim9a"
"CG3689",1.21987926919545e-21,-0.653854611870367,0.238,0.366,1.36223917991056e-17,-0.128,"CG3689"
"Paip2",1.24131134470373e-21,0.628634545211139,0.421,0.293,1.38617237863065e-17,0.128,"Paip2"
"CG10098",1.34096426089379e-21,-0.558571108213623,0.321,0.448,1.4974547901401e-17,-0.127,"CG10098"
"CG11857",1.36585579490636e-21,-0.852743910246578,0.155,0.266,1.52525116617193e-17,-0.111,"CG11857"
"cwo",1.42577084780996e-21,0.862079672142896,0.297,0.177,1.59215830574938e-17,0.12,"cwo"
"Arc42",1.58548080613603e-21,-0.766768173040656,0.181,0.298,1.77050641621211e-17,-0.117,"Arc42"
"mRpL23",1.7326280297836e-21,-0.803294402029846,0.153,0.266,1.93482572085935e-17,-0.113,"mRpL23"
"Uba1",1.74063653026265e-21,-0.507918298066599,0.402,0.523,1.9437688133443e-17,-0.121,"Uba1"
"mRpS24",2.0395706009906e-21,-0.804970076800587,0.14,0.253,2.27758849012621e-17,-0.113,"mRpS24"
"Uggt",2.59191247037675e-21,-0.536672350052855,0.332,0.464,2.89438865566972e-17,-0.132,"Uggt"
"Vps28",2.78161988524842e-21,-0.567843508800827,0.288,0.425,3.10623492585691e-17,-0.137,"Vps28"
"Snap29",2.98384251178004e-21,-0.763584394317196,0.168,0.284,3.33205693290477e-17,-0.116,"Snap29"
"Tep4",3.15578830233704e-21,0.909710006072885,0.289,0.174,3.52406879721977e-17,0.115,"Tep4"
"CG14767",3.2948368168648e-21,-0.796744067730641,0.157,0.27,3.67934427339292e-17,-0.113,"CG14767"
"Pp2A-29B",3.64339410967723e-21,-0.541025497352809,0.324,0.457,4.06857820227656e-17,-0.133,"Pp2A-29B"
"d4",3.98056284854547e-21,-0.59344185400745,0.278,0.406,4.44509453297072e-17,-0.128,"d4"
"Axud1",4.71914130120379e-21,-0.933682435191879,0.113,0.214,5.26986509105427e-17,-0.101,"Axud1"
"Dlic",7.97171280115801e-21,-0.53356997800625,0.32,0.453,8.90201168505315e-17,-0.133,"Dlic"
"Fhos",9.17260833173211e-21,-0.815244419099975,0.156,0.266,1.02430517240453e-16,-0.11,"Fhos"
"CG15237",9.52312316848679e-21,-0.690245021546083,0.185,0.306,1.06344716422492e-16,-0.121,"CG15237"
"EMC3",1.14696485217083e-20,-0.554948192194274,0.31,0.439,1.28081565041916e-16,-0.129,"EMC3"
"Khc",1.1982046633845e-20,-0.507069006576956,0.349,0.479,1.33803514760147e-16,-0.13,"Khc"
"CG12237",1.20336171399362e-20,-0.868025614799079,0.132,0.236,1.34379402601668e-16,-0.104,"CG12237"
"Nipped-A",1.21554296442789e-20,-0.628203650882325,0.239,0.365,1.35739682837662e-16,-0.126,"Nipped-A"
"CG3732",1.33172363337222e-20,-0.872911025768317,0.13,0.234,1.48713578138676e-16,-0.104,"CG3732"
"CaMKI",1.3964346689553e-20,-0.921978442468057,0.118,0.219,1.55939859482238e-16,-0.101,"CaMKI"
"Srp72",1.45151551908638e-20,-0.667479204641737,0.224,0.347,1.62090738016376e-16,-0.123,"Srp72"
"BI-1",1.62407510334864e-20,-0.500319810908399,0.373,0.497,1.81360466790943e-16,-0.124,"BI-1"
"mRpL35",2.52916446758507e-20,-0.850928373370832,0.132,0.236,2.82431796095225e-16,-0.104,"mRpL35"
"CG6195",2.86695653422033e-20,-0.583372056561016,0.267,0.395,3.20153036176385e-16,-0.128,"CG6195"
"HP4",2.91079102418589e-20,-0.553544047464856,0.296,0.426,3.25048033670838e-16,-0.13,"HP4"
"Noa36",3.29781333034997e-20,-0.746227582469522,0.154,0.266,3.68266814600181e-16,-0.112,"Noa36"
"Cdk1",3.66211550608126e-20,-0.871773877731981,0.133,0.236,4.08948438564094e-16,-0.103,"Cdk1"
"CG9577",4.03594979518827e-20,-0.53289831553163,0.319,0.448,4.50694513628674e-16,-0.129,"CG9577"
"CG7011",4.49812672237012e-20,-0.652619471172783,0.233,0.352,5.02305811087071e-16,-0.119,"CG7011"
"CanA-14F",1.03607084554658e-19,0.9640009995686,0.221,0.117,1.15698031322186e-15,0.104,"CanA-14F"
"Crk",1.05068033187344e-19,-0.58825950373586,0.255,0.38,1.17329472660307e-15,-0.125,"Crk"
"CG12848",1.11826080464005e-19,-0.555572695603639,0.29,0.413,1.24876184054154e-15,-0.123,"CG12848"
"Caf1-55",1.21680727069815e-19,-0.627078427492257,0.237,0.358,1.35880867918862e-15,-0.121,"Caf1-55"
"Dbp80",1.27648471145263e-19,-0.549798049416018,0.29,0.417,1.42545047727915e-15,-0.127,"Dbp80"
"Nep2",1.28116336854828e-19,-0.794125221532116,0.171,0.278,1.43067513365786e-15,-0.107,"Nep2"
"CG11586",1.32462248848314e-19,-0.8151084828603,0.145,0.249,1.47920593288912e-15,-0.104,"CG11586"
"CG2147",1.33135473098398e-19,-0.562527096417706,0.272,0.402,1.48672382808981e-15,-0.13,"CG2147"
"CG8289",1.35212544469087e-19,-0.658110135966366,0.224,0.341,1.50991848408629e-15,-0.117,"CG8289"
"TfIIA-L",1.42142315236873e-19,-0.580324592194508,0.273,0.399,1.58730323425016e-15,-0.126,"TfIIA-L"
"Usp14",1.44464293060979e-19,-0.632989505436302,0.232,0.35,1.61323276061195e-15,-0.118,"Usp14"
"ctrip",1.704158168678e-19,-0.8030924196273,0.145,0.25,1.90303342696272e-15,-0.105,"ctrip"
"e(y)2",2.06281669740812e-19,-0.721881832597877,0.173,0.284,2.30354740599565e-15,-0.111,"e(y)2"
"CG1927",2.54830611502994e-19,-0.643575974608136,0.236,0.352,2.84569343865394e-15,-0.116,"CG1927"
"Drat",2.64536999235998e-19,-0.725635171735057,0.188,0.298,2.95408467046839e-15,-0.11,"Drat"
"r2d2",3.21345970649336e-19,-0.792551323142557,0.141,0.244,3.58847045424114e-15,-0.103,"r2d2"
"PNUTS",3.62025554614601e-19,-0.538423692643623,0.275,0.404,4.04273936838125e-15,-0.129,"PNUTS"
"EMRE",4.27938349094442e-19,-0.608473713082193,0.228,0.348,4.77878754433763e-15,-0.12,"EMRE"
"lncRNA:CR43334",4.50630876394501e-19,0.968052072560504,0.275,0.172,5.03219499669739e-15,0.103,"lncRNA:CR43334"
"CG10082",5.42105630883821e-19,0.901556191460114,0.242,0.136,6.05369358007963e-15,0.106,"CG10082"
"AP-1gamma",5.81334235125269e-19,-0.608181919178926,0.239,0.358,6.49175940364388e-15,-0.119,"AP-1gamma"
"Mtp",7.36051386017983e-19,-0.577047730414231,0.259,0.381,8.21948582766282e-15,-0.122,"Mtp"
"mRpS16",8.04934331530613e-19,-0.52251648285294,0.301,0.428,8.98870168020236e-15,-0.127,"mRpS16"
"l(1)G0156",9.41581515152664e-19,0.539893769787199,0.452,0.339,1.05146407797098e-14,0.113,"l(1)G0156"
"Ldh",1.76496065854566e-18,0.902344663713568,0.251,0.148,1.97093156739794e-14,0.103,"Ldh"
"CG1371",2.05577388138132e-18,-0.683330984947252,0.199,0.308,2.29568269333852e-14,-0.109,"CG1371"
"Ent2",2.06189218625352e-18,-0.651745305342041,0.208,0.322,2.30251500438931e-14,-0.114,"Ent2"
"alph",2.17742347678946e-18,-0.551955684090644,0.261,0.386,2.43152879653079e-14,-0.125,"alph"
"tko",2.19322573868346e-18,-0.530491469785174,0.287,0.412,2.44917518238782e-14,-0.125,"tko"
"CG17265",2.41472509701258e-18,-0.617535707822008,0.251,0.367,2.69652351583394e-14,-0.116,"CG17265"
"CG5510",2.43407975400642e-18,-0.643858874886139,0.231,0.343,2.71813686129897e-14,-0.112,"CG5510"
"pont",2.99116551479431e-18,-0.768344693375991,0.144,0.246,3.34023453037081e-14,-0.102,"pont"
"CG9992",3.12858944367723e-18,-0.768100649085184,0.153,0.254,3.49369583175437e-14,-0.101,"CG9992"
"Fkbp39",3.22810246071524e-18,-0.514758189375375,0.309,0.434,3.6048220178807e-14,-0.125,"Fkbp39"
"CG14641",3.4685459692007e-18,-0.760057497131681,0.147,0.248,3.87332528380642e-14,-0.101,"CG14641"
"Taf10b",3.79433209935612e-18,-0.539580242268972,0.278,0.399,4.23713065535098e-14,-0.121,"Taf10b"
"ND-B17.2",3.80518464646072e-18,-0.520223966179167,0.323,0.44,4.24924969470268e-14,-0.117,"ND-B17.2"
"CG7872",4.16363695692182e-18,-0.574958714811735,0.277,0.392,4.6495333897946e-14,-0.115,"CG7872"
"HDAC1",4.1901855087422e-18,-0.649250395094249,0.199,0.311,4.67918015761242e-14,-0.112,"HDAC1"
"Der-1",5.66676827232537e-18,-0.508999987270061,0.319,0.44,6.32808012970574e-14,-0.121,"Der-1"
"Membrin",5.6886741149952e-18,-0.584316647795854,0.252,0.366,6.35254238421514e-14,-0.114,"Membrin"
"CG3652",6.70599801803802e-18,-0.526622314532108,0.29,0.409,7.48858798674305e-14,-0.119,"CG3652"
"myo",8.41224344856444e-18,-0.670271173143695,0.193,0.301,9.39395225901191e-14,-0.108,"myo"
"pasi2",8.52702878779741e-18,-0.527923241804283,0.303,0.422,9.52213304733337e-14,-0.119,"pasi2"
"ghi",1.13491594321246e-17,-0.673864848501747,0.179,0.285,1.26736063378535e-13,-0.106,"ghi"
"alpha-PheRS",1.16441636090991e-17,-0.515105660612665,0.288,0.41,1.3003037502281e-13,-0.122,"alpha-PheRS"
"S6k",1.2531871421437e-17,0.797232380486119,0.267,0.162,1.39943408163187e-13,0.105,"S6k"
"Tnpo",1.40918425780207e-17,0.598654144550975,0.4,0.293,1.57363606068758e-13,0.107,"Tnpo"
"CIAPIN1",1.65595300003155e-17,-0.632842140871229,0.19,0.3,1.84920271513523e-13,-0.11,"CIAPIN1"
"Updo",1.67322055805276e-17,-0.617220787587166,0.215,0.327,1.86848539717752e-13,-0.112,"Updo"
"NHP2",1.89597897372658e-17,-0.592531283564935,0.246,0.357,2.11723971996048e-13,-0.111,"NHP2"
"bcn92",1.98508648078324e-17,-0.721573477629543,0.159,0.259,2.21674607309064e-13,-0.1,"bcn92"
"CG10343",2.64149838395691e-17,-0.652781185647537,0.19,0.297,2.94976124536469e-13,-0.107,"CG10343"
"Pp2B-14D",2.73977561856083e-17,-0.647832964321327,0.199,0.305,3.05950743324688e-13,-0.106,"Pp2B-14D"
"Cks85A",3.14171530674505e-17,-0.702275697882136,0.162,0.264,3.5083534830422e-13,-0.102,"Cks85A"
"CG32103",3.22196727281125e-17,0.666421835822308,0.347,0.241,3.59797085354832e-13,0.106,"CG32103"
"aru",3.49472560857141e-17,-0.555434941169779,0.267,0.38,3.90256008709169e-13,-0.113,"aru"
"Galphas",3.55007701650867e-17,-0.522649394277935,0.286,0.403,3.96437100433523e-13,-0.117,"Galphas"
"La",3.8575806265768e-17,-0.676987407279032,0.154,0.256,4.30776028569831e-13,-0.102,"La"
"CG34117",3.99886369522778e-17,-0.637784603577883,0.188,0.296,4.46553108846086e-13,-0.108,"CG34117"
"Pgant5",5.52332171761476e-17,-0.538446792804741,0.272,0.385,6.1678933620604e-13,-0.113,"Pgant5"
"Vps24",5.73678819372945e-17,-0.550672999154942,0.259,0.371,6.40627137593768e-13,-0.112,"Vps24"
"mRpL14",6.88826628390518e-17,-0.613469123694986,0.223,0.33,7.69212695923691e-13,-0.107,"mRpL14"
"CG14341",7.02604581949557e-17,-0.645413917583817,0.183,0.288,7.8459853666307e-13,-0.105,"CG14341"
"rdx",1.13741532176623e-16,-0.641870880220119,0.199,0.302,1.27015168981635e-12,-0.103,"rdx"
"CG14830",1.2533436858287e-16,0.65219302926978,0.332,0.227,1.39960889396491e-12,0.105,"CG14830"
"anne",1.28856048513919e-16,-0.586761462164774,0.223,0.331,1.43893549375493e-12,-0.108,"anne"
"CG44252",1.86228452501937e-16,-0.651397340728799,0.191,0.294,2.07961312908913e-12,-0.103,"CG44252"
"Acyp2",1.8933087510154e-16,-0.65009687468742,0.177,0.279,2.1142578822589e-12,-0.102,"Acyp2"
"CG7556",2.04136547761361e-16,-0.591189471501943,0.23,0.337,2.27959282885112e-12,-0.107,"CG7556"
"Cat",2.06374737952619e-16,-0.630364907424681,0.203,0.307,2.3045866987169e-12,-0.104,"Cat"
"CG12404",2.40511533774933e-16,-0.558745248954428,0.271,0.376,2.68579229766468e-12,-0.105,"CG12404"
"Chchd3",2.88261014337044e-16,-0.539614612585722,0.268,0.378,3.21901074710177e-12,-0.11,"Chchd3"
"CSN7",3.38451741307406e-16,-0.501787472782073,0.292,0.406,3.7794905951798e-12,-0.114,"CSN7"
"CG31855",3.84758288366481e-16,-0.59406337267192,0.208,0.315,4.2965958061885e-12,-0.107,"CG31855"
"CG11882",3.99748348500322e-16,-0.636576965111709,0.179,0.28,4.46398980770309e-12,-0.101,"CG11882"
"RnpS1",4.49958227498711e-16,-0.646959847215713,0.18,0.282,5.02468352647811e-12,-0.102,"RnpS1"
"AP-2alpha",4.62200199398457e-16,-0.564036092160156,0.237,0.345,5.16138962668257e-12,-0.108,"AP-2alpha"
"Shroom",5.68532741388079e-16,0.739457842768783,0.279,0.178,6.34880512308068e-12,0.101,"Shroom"
"Csp",8.23011581111398e-16,-0.61598973137952,0.189,0.292,9.19057032627098e-12,-0.103,"Csp"
"Vdup1",9.01493151449505e-16,-0.504643145029295,0.292,0.401,1.00669740222366e-11,-0.109,"Vdup1"
"CG3355",2.64070300830005e-15,-0.547317623127234,0.294,0.399,2.94887304936867e-11,-0.105,"CG3355"
"CG5112",2.87741535442841e-15,-0.584438097000207,0.214,0.316,3.2132097262902e-11,-0.102,"CG5112"
"CG31344",3.08696460664293e-15,-0.584885882217671,0.23,0.332,3.44721337623816e-11,-0.102,"CG31344"
"cm",3.96503842784848e-15,-0.574198904514225,0.201,0.303,4.4277584123784e-11,-0.102,"cm"
"mRpL49",4.09339696924434e-15,-0.526780237730794,0.234,0.343,4.57109639555515e-11,-0.109,"mRpL49"
"CG9436",6.28349442726442e-15,-0.566474130911236,0.212,0.314,7.01677822692618e-11,-0.102,"CG9436"
"SERCA",8.31466414567575e-15,-0.501559131458516,0.277,0.384,9.28498545147612e-11,-0.107,"SERCA"
"mRpL28",8.96573131734942e-15,-0.574657540165949,0.207,0.307,1.00120321620841e-10,-0.1,"mRpL28"
"CG8312",1.01125529646937e-14,-0.55308161353738,0.25,0.351,1.12926878956734e-10,-0.101,"CG8312"
"mtd",1.52220097024878e-14,-0.504130253901839,0.264,0.369,1.69984182347682e-10,-0.105,"mtd"
"mab-21",3.11381204101238e-14,-0.529707453787456,0.239,0.34,3.47719390619852e-10,-0.101,"mab-21"
"CSN8",3.67772080083702e-14,-0.529312613864925,0.243,0.344,4.10691081829471e-10,-0.101,"CSN8"
"CG8031",7.18860988462804e-14,-0.5061712970485,0.241,0.343,8.02752065816413e-10,-0.102,"CG8031"
